name,type,lat,lng,address,phone,source,gmaps
119 Bar & Bistro,catering,13.7395229,100.5653752,"119 Bar & Bistro, Soi 100 Pi Sayam Samakhom, Vadhana District, 10110, Thailand",,Geoapify+OSM,"https://www.google.com/maps/search/?api=1&query=13.7395229,100.5653752"
12 x 12,catering,13.7381916,100.5866173,"12 x 12, Soi Ekkamai 21, Vadhana District, 10110, Thailand",,Geoapify+OSM,"https://www.google.com/maps/search/?api=1&query=13.7381916,100.5866173"
1919Bangkok,catering,13.7341272,100.5676487,"1919Bangkok, Soi Sukhumvit 33, Vadhana District, 10110, Thailand",,Geoapify+OSM,"https://www.google.com/maps/search/?api=1&query=13.7341272,100.5676487"
1980s9,catering,13.7708262,100.4435162,"1980s9, Ratchaphruek Road (frontage), Taling Chan District, 10170, Thailand",,Geoapify+OSM,"https://www.google.com/maps/search/?api=1&query=13.7708262,100.4435162"
23 bar & gallery,catering,13.7104249,100.592173,"23 bar & gallery, Soi Phumichit, Khlong Toei District, 12060, Thailand",,Geoapify+OSM,"https://www.google.com/maps/search/?api=1&query=13.7104249,100.592173"
24 Bar บางใหญ่,catering,13.8855548,100.4084503,"24 Bar บางใหญ่, Kanchanaphisek Road Outer Service Road, Ban Rattanathibet, Bang Rak Phatthana Subdistrict, 11110, Thailand",,Geoapify,"https://www.google.com/maps/search/?api=1&query=13.8855548,100.4084503"
3 Bears Craft Brewery,catering,13.7247772,100.5631026,"3 Bears Craft Brewery, Soi Setthi Thawi Sap 2, Khlong Toei District, 10110, Thailand",,Geoapify+OSM,"https://www.google.com/maps/search/?api=1&query=13.7247772,100.5631026"
3rd Pub,catering,13.7543215,100.6268283,"3rd Pub, Soi Ramkhamhaeng 24 Yaek 30, Bang Kapi District, 10241, Thailand",,Geoapify+OSM,"https://www.google.com/maps/search/?api=1&query=13.7543215,100.6268283"
60's Tree Bar,catering,13.7860267,100.5714437,"60's Tree Bar, Soi Ratchadaphisek 17, Din Daeng District, 10400, Thailand",,Geoapify+OSM,"https://www.google.com/maps/search/?api=1&query=13.7860267,100.5714437"
7-heaven,catering,13.7331809,100.5675959,"7-heaven, Sukhumvit 33 Soi 1, Vadhana District, 10110, Thailand",,Geoapify+OSM,"https://www.google.com/maps/search/?api=1&query=13.7331809,100.5675959"
722 Craft Experience,catering,13.7296663,100.5950255,"722 Craft Experience, Soi Pridi Banomyong 31, Vadhana District, 10110, Thailand",,Geoapify+OSM,"https://www.google.com/maps/search/?api=1&query=13.7296663,100.5950255"
72race&bar,catering,13.7221078,100.7744656,"72race&bar, Soi Lat Krabang 11/13, Lat Krabang District, 10520, Thailand",+66 86 318 1688,Geoapify+OSM,"https://www.google.com/maps/search/?api=1&query=13.7221078,100.7744656"
73 Bar,catering,13.7514077,100.5317953,"73 Bar, Phaya Thai Road, Ratchathewi District, 10400, Thailand",,Geoapify+OSM,"https://www.google.com/maps/search/?api=1&query=13.7514077,100.5317953"
7th Street Bar & Bistro,catering,13.732211,100.5824086,"7th Street Bar & Bistro, Soi Thong Lo 10, Vadhana District, 10110, Thailand",,Geoapify+OSM,"https://www.google.com/maps/search/?api=1&query=13.732211,100.5824086"
8 Bar,building,13.7394874,100.5561509,"8 Bar, 15-17, Soi Sukhumvit 8, Khlong Toei District, 10110, Thailand",,Geoapify+OSM,"https://www.google.com/maps/search/?api=1&query=13.7394874,100.5561509"
94,catering,13.915076,100.5482881,"94, Popular1 Road, Ban Mai Subdistrict, 11120, Thailand",,Geoapify,"https://www.google.com/maps/search/?api=1&query=13.915076,100.5482881"
999 West,building,13.7591249,100.498164,"999 West, Susie Walking Street, Phra Nakhon District, 10200, Thailand",,Geoapify+OSM,"https://www.google.com/maps/search/?api=1&query=13.7591249,100.498164"
@One Bar,catering,13.7201995,100.7761331,"@One Bar, Suvarnabhumi 4 Road, Lat Krabang District, 10520, Thailand",,Geoapify+OSM,"https://www.google.com/maps/search/?api=1&query=13.7201995,100.7761331"
Adhere the 13th Rules,bar,13.7630671,100.4986203,13 ถนนสามเสน พระนคร,,OSM,"https://www.google.com/maps/search/?api=1&query=13.7630671,100.4986203"
Aftermoon Bang Pu,catering,13.5381879,100.613189,"Aftermoon Bang Pu, Sukhumvit Road, Bang Pu Subdistrict Municipality, Bang Pu Mai Subdistrict, 10280, Thailand",,Geoapify,"https://www.google.com/maps/search/?api=1&query=13.5381879,100.613189"
AfterSkool,catering,13.7370549,100.5622597,"AfterSkool, 4/34, Soi Cowboy, Vadhana District, 10110, Thailand",,Geoapify+OSM,"https://www.google.com/maps/search/?api=1&query=13.7370549,100.5622597"
AIRE,catering,13.7281157,100.5678325,"AIRE bar (Hyatt Place hotel), Soi Methi Niwet, Khlong Toei District, 10110, Thailand",,Geoapify+OSM,"https://www.google.com/maps/search/?api=1&query=13.7281157,100.5678325"
Akara Sky Hanuman Bangkok,catering,13.7420753,100.5463613,"Akara Sky Hanuman Bangkok, 548, Phloen Chit Road, Pathum Wan District, 10330, Thailand",,Geoapify+OSM,"https://www.google.com/maps/search/?api=1&query=13.7420753,100.5463613"
All Time,bar,13.7697581,100.485098,,,OSM,"https://www.google.com/maps/search/?api=1&query=13.7697581,100.485098"
Alley cat,catering,13.7613485,100.4939696,"Alley cat, Soi Ram Buttri, Phra Nakhon District, 10200, Thailand",,Geoapify+OSM,"https://www.google.com/maps/search/?api=1&query=13.7613485,100.4939696"
Allso Bar,bar,13.7184606,100.5768485,46/12,,OSM,"https://www.google.com/maps/search/?api=1&query=13.7184606,100.5768485"
Alonetogether Bar,catering,13.7376764,100.5667366,"Alonetogether Bar, Soi Sukhumvit 31, Vadhana District, 10110, Thailand",,Geoapify+OSM,"https://www.google.com/maps/search/?api=1&query=13.7376764,100.5667366"
Alter Hours,catering,13.727563,100.5307688,"Alter Hours, 132/15, Soi Si Lom 6, Bang Rak District, 10500, Thailand",,Geoapify+OSM,"https://www.google.com/maps/search/?api=1&query=13.727563,100.5307688"
Always Beer and Wines,building,13.7410595,100.5529018,"Always Beer and Wines, Soi Sukhumvit 4, Khlong Toei District, 10110, Thailand",,Geoapify+OSM,"https://www.google.com/maps/search/?api=1&query=13.7410595,100.5529018"
Amnesia,adult,13.751267,100.5758142,"Amnesia, Royal City Avenue, Huai Khwang District, 10310, Thailand",,Geoapify+OSM,"https://www.google.com/maps/search/?api=1&query=13.751267,100.5758142"
Angels Four,catering,13.7402809,100.5528957,"Angels Four, Maison Alley, Khlong Toei District, 10330, Thailand",,Geoapify+OSM,"https://www.google.com/maps/search/?api=1&query=13.7402809,100.5528957"
Angelwitch,bar,13.7415411,100.5532781,,,OSM,"https://www.google.com/maps/search/?api=1&query=13.7415411,100.5532781"
Anubis Bangkok,bar,13.7397095,100.5652473,120/17 Sukhumvit Soi 23,,OSM,"https://www.google.com/maps/search/?api=1&query=13.7397095,100.5652473"
Arcadia,catering,13.7124134,100.5935068,"Arcadia, Sukhumvit Road, Khlong Toei District, 12060, Thailand",,Geoapify+OSM,"https://www.google.com/maps/search/?api=1&query=13.7124134,100.5935068"
Asahi,bar,13.7631168,100.4987091,,,OSM,"https://www.google.com/maps/search/?api=1&query=13.7631168,100.4987091"
Asia today cocktail bar,bar,13.7398355,100.5141429,,,OSM,"https://www.google.com/maps/search/?api=1&query=13.7398355,100.5141429"
Aso Pakin Sports Bar & Bistro,catering,13.7094078,100.4493472,"Aso Pakin Sports Bar & Bistro, Kanlapaphruek Road, Phasi Charoen District, 10160, Thailand",,Geoapify+OSM,"https://www.google.com/maps/search/?api=1&query=13.7094078,100.4493472"
AsSajan,bar,13.7581122,100.5097689,"121, 123 ถนนจักรพรรดิพงษ์",+66 89 697 8952,OSM,"https://www.google.com/maps/search/?api=1&query=13.7581122,100.5097689"
ASumo Snack,bar,13.7252002,100.5777115,,,OSM,"https://www.google.com/maps/search/?api=1&query=13.7252002,100.5777115"
At-Mosphere skycafé,catering,13.7602504,100.4986095,"At-Mosphere skycafé, Tani Road, Phra Nakhon District, 10200, Thailand",,Geoapify+OSM,"https://www.google.com/maps/search/?api=1&query=13.7602504,100.4986095"
Atmos,catering,13.7293715,100.5357285,"Atmos, 2, Si Lom Road, Bang Rak District, 10500, Thailand",,Geoapify+OSM,"https://www.google.com/maps/search/?api=1&query=13.7293715,100.5357285"
Attitude Cocktail Bar,catering,13.7049396,100.491239,"Attitude Cocktail Bar, 257, Charoen Nakhon Road, Thon Buri District, 10600, Thailand",02 431 9120,Geoapify+OSM,"https://www.google.com/maps/search/?api=1&query=13.7049396,100.491239"
Attitude Fusion Tapas & Cocktail Bar,catering,13.7258562,100.5160934,"Attitude Fusion Tapas & Cocktail Bar, 1204, Charoen Krung Road, Bang Rak District, 10500, Thailand",0657087313,Geoapify+OSM,"https://www.google.com/maps/search/?api=1&query=13.7258562,100.5160934"
Au-Thong,catering,13.7601437,100.496932,"Au-Thong, Ram Buttri Road, Phra Nakhon District, 10200, Thailand",,Geoapify+OSM,"https://www.google.com/maps/search/?api=1&query=13.7601437,100.496932"
Auntie Anne's,catering,13.9139803,100.5480425,"Auntie Anne's, Popular1 Road, Ban Mai Subdistrict, 11120, Thailand",,Geoapify,"https://www.google.com/maps/search/?api=1&query=13.9139803,100.5480425"
Auntie Anne's,catering,13.9040102,100.528145,"Auntie Anne's, 99;99/9, Chaeng Watthana Road, Bang Talat Subdistrict, 11120, Thailand",,Geoapify,"https://www.google.com/maps/search/?api=1&query=13.9040102,100.528145"
baan Bangkok local craft beer,catering,13.7695845,100.5079675,"baan Bangkok local craft beer, Si Ayutthaya Road, Dusit District, 10300, Thailand",,Geoapify+OSM,"https://www.google.com/maps/search/?api=1&query=13.7695845,100.5079675"
Baccara,catering,13.737017,100.5626353,"Baccara, 9/5, Soi Sukhumvit 23, Vadhana District, 10110, Thailand",,Geoapify+OSM,"https://www.google.com/maps/search/?api=1&query=13.737017,100.5626353"
BACCARAT,adult,13.7212694,100.5659697,"BACCARAT, 88, Phlaphongphanich Road, Khlong Toei District, 10110, Thailand",,Geoapify+OSM,"https://www.google.com/maps/search/?api=1&query=13.7212694,100.5659697"
Bacchus,catering,13.7284852,100.5701045,"Bacchus, Soi Sukhumvit 26, Khlong Toei District, 10110, Thailand",,Geoapify+OSM,"https://www.google.com/maps/search/?api=1&query=13.7284852,100.5701045"
Bad Motel,bar,13.7347178,100.5827026,วัฒนา,,OSM,"https://www.google.com/maps/search/?api=1&query=13.7347178,100.5827026"
Bada Bing,catering,13.7284723,100.5322849,"Bada Bing, Thanon Phat Phong 2, Bang Rak District, 10500, Thailand",,Geoapify+OSM,"https://www.google.com/maps/search/?api=1&query=13.7284723,100.5322849"
Badshah,adult,13.7408838,100.5527839,"Badshah, Soi Sukhumvit 4, Khlong Toei District, 10110, Thailand",,Geoapify+OSM,"https://www.google.com/maps/search/?api=1&query=13.7408838,100.5527839"
Baku,adult,13.7615667,100.568622,"Baku, Soi Ratchadaphisek 4, Huai Khwang District, 10310, Thailand",,Geoapify,"https://www.google.com/maps/search/?api=1&query=13.7615667,100.568622"
Bamboo Pub,catering,13.7438717,100.5531377,"Bamboo Pub, Soi Sukhumvit 3, Vadhana District, 10330, Thailand",,Geoapify+OSM,"https://www.google.com/maps/search/?api=1&query=13.7438717,100.5531377"
Bangcockney Pub,building,13.7390174,100.5532603,"Bangcockney Pub, Soi Sukhumvit 6, Khlong Toei District, 10110, Thailand",,Geoapify+OSM,"https://www.google.com/maps/search/?api=1&query=13.7390174,100.5532603"
Bangkok Bar,catering,13.7332914,100.5828947,"Bangkok Bar, Soi Thong Lo 14, Vadhana District, 10110, Thailand",,Geoapify+OSM,"https://www.google.com/maps/search/?api=1&query=13.7332914,100.5828947"
Bangkok Bar,catering,13.7594375,100.4975278,"Bangkok Bar, Ram Buttri Road, Phra Nakhon District, 10200, Thailand",,Geoapify+OSM,"https://www.google.com/maps/search/?api=1&query=13.7594375,100.4975278"
Bangkok Heightz,bar,13.7363005,100.5620463,,,OSM,"https://www.google.com/maps/search/?api=1&query=13.7363005,100.5620463"
Bangkok Pub Crawl,catering,13.7397066,100.5652644,"Bangkok Pub Crawl, 120/17, Soi 100 Pi Sayam Samakhom, Vadhana District, 10110, Thailand",,Geoapify+OSM,"https://www.google.com/maps/search/?api=1&query=13.7397066,100.5652644"
Banmaitrachit,catering,13.7383403,100.5151108,"Banmaitrachit, Rama IV Road, Samphanthawong District, 10100, Thailand",,Geoapify+OSM,"https://www.google.com/maps/search/?api=1&query=13.7383403,100.5151108"
Bann Phoen,catering,13.8395442,100.5733728,"Bann Phoen, Soi Ngam Wong Wan 64, Chatuchak District, 10900, Thailand",,Geoapify+OSM,"https://www.google.com/maps/search/?api=1&query=13.8395442,100.5733728"
Baobab Bar,catering,13.7441206,100.5565985,"Baobab Bar, 29/1, Soi Sukhumvit 11, Vadhana District, 10110, Thailand",020599299,Geoapify+OSM,"https://www.google.com/maps/search/?api=1&query=13.7441206,100.5565985"
Bar,catering,13.9262718,100.5912591,"Bar, Song Prapha Road, Don Mueang District, 10210, Thailand",,Geoapify+OSM,"https://www.google.com/maps/search/?api=1&query=13.9262718,100.5912591"
Bar 23,catering,13.7282199,100.561193,"Bar 23, Soi Sukhumvit 16, Khlong Toei District, 10110, Thailand",,Geoapify+OSM,"https://www.google.com/maps/search/?api=1&query=13.7282199,100.561193"
Bar @ Siam Square,catering,13.7448048,100.5348739,"Bar @ Siam Square, Novotel Way, Pathum Wan District, 10330, Thailand",,Geoapify+OSM,"https://www.google.com/maps/search/?api=1&query=13.7448048,100.5348739"
Bar Cheap Charlies,catering,13.706149,100.5988528,"Bar Cheap Charlies, Soi Sukhumvit 50, Khlong Toei District, 12060, Thailand",,Geoapify+OSM,"https://www.google.com/maps/search/?api=1&query=13.706149,100.5988528"
Bar Craft O'Clock,catering,13.7067364,100.3746405,"Bar Craft O'Clock, Soi Phet Kasem 69, Nong Khaem District, 10160, Thailand",094 737 5668,Geoapify+OSM,"https://www.google.com/maps/search/?api=1&query=13.7067364,100.3746405"
Bar@494,catering,13.7433481,100.5405146,"Bar@494, Ratchadamri Road, Pathum Wan District, 10330, Thailand",,Geoapify+OSM,"https://www.google.com/maps/search/?api=1&query=13.7433481,100.5405146"
Barley,catering,13.7265727,100.529452,"Barley, Food Channel Silom, Bang Rak District, 10500, Thailand",,Geoapify+OSM,"https://www.google.com/maps/search/?api=1&query=13.7265727,100.529452"
Bars?,catering,13.8226704,100.5269407,"Bars?, Soi Krung Thep-Nonthaburi 37, Bang Sue District, 10800, Thailand",,Geoapify+OSM,"https://www.google.com/maps/search/?api=1&query=13.8226704,100.5269407"
Baskin Robbins,catering,13.9140564,100.548144,"Baskin Robbins, Popular1 Road, Ban Mai Subdistrict, 11120, Thailand",,Geoapify,"https://www.google.com/maps/search/?api=1&query=13.9140564,100.548144"
Beam,adult,13.7346596,100.5832281,"Beam, Soi Sukhumvit 55, Vadhana District, 10110, Thailand",,Geoapify+OSM,"https://www.google.com/maps/search/?api=1&query=13.7346596,100.5832281"
Beer & Cider House,bar,13.7629234,100.4988513,,,OSM,"https://www.google.com/maps/search/?api=1&query=13.7629234,100.4988513"
Beer Bar,catering,13.7400312,100.514036,"Beer Bar, Soi Nana, Pom Prap Sattru Phai District, 10100, Thailand",,Geoapify+OSM,"https://www.google.com/maps/search/?api=1&query=13.7400312,100.514036"
Beer Cap,catering,13.7349921,100.5821961,"Beer Cap, 335, Soi Thong Lo 17, Vadhana District, 10110, Thailand",,Geoapify+OSM,"https://www.google.com/maps/search/?api=1&query=13.7349921,100.5821961"
Beer Pradith,building,13.7364489,100.521586,"Beer Pradith, 2056, Banthat Thong Road, Pathum Wan District, 10330, Thailand",,Geoapify+OSM,"https://www.google.com/maps/search/?api=1&query=13.7364489,100.521586"
BeerVault,catering,13.7390853,100.558436,"BeerVault, Soi Sukhumvit 15, Vadhana District, 10110, Thailand",,Geoapify+OSM,"https://www.google.com/maps/search/?api=1&query=13.7390853,100.558436"
Belle’s Room,catering,13.7226269,100.519546,"Belle’s Room, 981, Si Lom Road, Bang Rak District, 10500, Thailand",,Geoapify+OSM,"https://www.google.com/maps/search/?api=1&query=13.7226269,100.519546"
Bier Garten,building,13.7417818,100.5547955,"Beer Garden, Soi Sukhumvit 7, Vadhana District, 10110, Thailand",,Geoapify+OSM,"https://www.google.com/maps/search/?api=1&query=13.7417818,100.5547955"
Big Dog's,catering,13.7415321,100.5530394,"Big Dog's, Soi Sukhumvit 4, Khlong Toei District, 10330, Thailand",,Geoapify+OSM,"https://www.google.com/maps/search/?api=1&query=13.7415321,100.5530394"
Bijo Japanese Club,adult,13.7338942,100.5797137,"Bijo Japanese Club, Soi Sukhumvit 49/4, Vadhana District, 10110, Thailand",,Geoapify+OSM,"https://www.google.com/maps/search/?api=1&query=13.7338942,100.5797137"
Bill Bentley,catering,13.9146573,100.5999285,"Bill Bentley, Vibhavadi Rangsit Road, Don Mueang District, 10210, Thailand",,Geoapify+OSM,"https://www.google.com/maps/search/?api=1&query=13.9146573,100.5999285"
Bill Bentley Pub,catering,13.6927108,100.7463677,"Bill Bentley Pub, ถนนสุวรรณภูมิ 5, Nong Prue Subdistrict, Thailand",,Geoapify,"https://www.google.com/maps/search/?api=1&query=13.6927108,100.7463677"
Billboard,bar,13.7415233,100.5532482,,,OSM,"https://www.google.com/maps/search/?api=1&query=13.7415233,100.5532482"
Bistro Bordello,catering,13.7574041,100.5583199,"Bistro Bordello, Soi Khwan Phatthana, Din Daeng District, 10400, Thailand",,Geoapify,"https://www.google.com/maps/search/?api=1&query=13.7574041,100.5583199"
BK Bar,catering,13.7384372,100.5529555,"BK Bar, Soi Sukhumvit 4, Khlong Toei District, 10330, Thailand",,Geoapify+OSM,"https://www.google.com/maps/search/?api=1&query=13.7384372,100.5529555"
Black Pagoda,bar,13.7288002,100.5321362,,,OSM,"https://www.google.com/maps/search/?api=1&query=13.7288002,100.5321362"
Blues bar,bar,13.7431044,100.5763619,325 ซอย สุขุมวิท 49 วัฒนา,,OSM,"https://www.google.com/maps/search/?api=1&query=13.7431044,100.5763619"
Board Game bar,catering,13.7816009,100.5741923,"Board Game bar, Soi Ratchadaphisek 14, Huai Khwang District, 10310, Thailand",,Geoapify+OSM,"https://www.google.com/maps/search/?api=1&query=13.7816009,100.5741923"
Bobo club bangkok,catering,13.7398039,100.5568459,"Bobo club bangkok, Sukhumvit Road, Khlong Toei District, 10110, Thailand",,Geoapify+OSM,"https://www.google.com/maps/search/?api=1&query=13.7398039,100.5568459"
Bombay Blues,catering,13.7322942,100.5828233,"Bombay Blues, Soi Thong Lo 10, Vadhana District, 10110, Thailand",,Geoapify+OSM,"https://www.google.com/maps/search/?api=1&query=13.7322942,100.5828233"
Bon Bon Bar,catering,13.7333493,100.5814951,"Bon Bon Bar, Soi Thong Lo 13, Vadhana District, 10110, Thailand",,Geoapify+OSM,"https://www.google.com/maps/search/?api=1&query=13.7333493,100.5814951"
Books & Belongings,catering,13.6997882,100.604018,"Books & Belongings, Sukhumvit Road, Phra Khanong District, 10260, Thailand",,Geoapify+OSM,"https://www.google.com/maps/search/?api=1&query=13.6997882,100.604018"
Boom boom shop,catering,13.7605543,100.4967581,"Boom boom shop, Ram Buttri Road, Phra Nakhon District, 10200, Thailand",,Geoapify+OSM,"https://www.google.com/maps/search/?api=1&query=13.7605543,100.4967581"
Boss Bar,catering,13.7357867,100.5524393,"Boss Bar, 40, Soi Sukhumvit 4, Khlong Toei District, 10110, Thailand",,Geoapify+OSM,"https://www.google.com/maps/search/?api=1&query=13.7357867,100.5524393"
Bottles & Beats,catering,13.7366791,100.5718427,"Bottles & Beats, Soi Sukhumvit 39, Vadhana District, 10110, Thailand",,Geoapify+OSM,"https://www.google.com/maps/search/?api=1&query=13.7366791,100.5718427"
Brew,catering,13.7448514,100.5568999,"Brew, Soi Sukhumvit 11, Vadhana District, 10110, Thailand",,Geoapify+OSM,"https://www.google.com/maps/search/?api=1&query=13.7448514,100.5568999"
Brew Pub,pub,13.7333223,100.5812573,,,OSM,"https://www.google.com/maps/search/?api=1&query=13.7333223,100.5812573"
Brewave,building,13.7179254,100.4053528,"Brewave, Kanchanaphisek Road Outer Service Road, Bang Khae District, 10160, Thailand",,Geoapify+OSM,"https://www.google.com/maps/search/?api=1&query=13.7179254,100.4053528"
Brewave x Ari,catering,13.7789836,100.5446508,"Brewave x Ari, Phahon Yothin Road, Phaya Thai District, 10400, Thailand",,Geoapify+OSM,"https://www.google.com/maps/search/?api=1&query=13.7789836,100.5446508"
Brewski,catering,13.7350407,100.5639635,"Brewski, Soi Sukhumvit 27, Vadhana District, 10110, Thailand",,Geoapify+OSM,"https://www.google.com/maps/search/?api=1&query=13.7350407,100.5639635"
Brick Bar,catering,13.7585971,100.4984729,"Brick Bar, Khao San Road, Phra Nakhon District, 10200, Thailand",,Geoapify+OSM,"https://www.google.com/maps/search/?api=1&query=13.7585971,100.4984729"
BRIDGE BAR,building,13.7206046,100.771345,"BRIDGE BAR, ซอยลาดกระบัง 42/4, Lat Krabang District, 10520, Thailand",,Geoapify+OSM,"https://www.google.com/maps/search/?api=1&query=13.7206046,100.771345"
Brio Bistro & Bar,bar,13.7979744,100.5491419,,,OSM,"https://www.google.com/maps/search/?api=1&query=13.7979744,100.5491419"
Brown Sugar,bar,13.7398793,100.5139226,18 ซอยนานา ป้อมปราบศัตรูพ่าย,,OSM,"https://www.google.com/maps/search/?api=1&query=13.7398793,100.5139226"
BRUT,building,13.7868933,100.5420495,"BRUT, 29, Soi Pracha Nimit 1, Phaya Thai District, 10400, Thailand",,Geoapify+OSM,"https://www.google.com/maps/search/?api=1&query=13.7868933,100.5420495"
Buddy's,bar,13.7332291,100.5650639,,,OSM,"https://www.google.com/maps/search/?api=1&query=13.7332291,100.5650639"
Buddy’s Bar and Grill,bar,13.7256345,100.5256176,,,OSM,"https://www.google.com/maps/search/?api=1&query=13.7256345,100.5256176"
Bully's Bankok,catering,13.7421037,100.5524785,"Bully's Bankok, Sukhumvit Road, Khlong Toei District, 10330, Thailand",,Geoapify+OSM,"https://www.google.com/maps/search/?api=1&query=13.7421037,100.5524785"
Bungalo,catering,13.7937733,100.5971167,"Bungalo, Soi Lat Phrao 55/2, Wang Thonglang District, 10310, Thailand",,Geoapify,"https://www.google.com/maps/search/?api=1&query=13.7937733,100.5971167"
Bunny2,catering,13.7411942,100.5532496,"Bunny2, Soi Sukhumvit 4, Khlong Toei District, 10330, Thailand",,Geoapify+OSM,"https://www.google.com/maps/search/?api=1&query=13.7411942,100.5532496"
Burbrit Craft Beer,bar,13.7333677,100.565306,1 ซอยสุขุมวิท 22,,OSM,"https://www.google.com/maps/search/?api=1&query=13.7333677,100.565306"
Butterfly,catering,13.7412573,100.5532119,"Butterfly, Soi Sukhumvit 4, Khlong Toei District, 10330, Thailand",,Geoapify+OSM,"https://www.google.com/maps/search/?api=1&query=13.7412573,100.5532119"
Cactus,catering,13.7167765,100.5474302,"Cactus, 15, Yen Akat Road, Yan Nawa District, 10120, Thailand",0834373515,Geoapify+OSM,"https://www.google.com/maps/search/?api=1&query=13.7167765,100.5474302"
Cactus Club,adult,13.7369202,100.562107,"Cactus Club, 4/11, Soi Cowboy, Vadhana District, 10110, Thailand",,Geoapify+OSM,"https://www.google.com/maps/search/?api=1&query=13.7369202,100.562107"
Cafe Trio Jazz bar & Art Gallery,catering,13.7419704,100.5438502,"Cafe Trio Jazz bar & Art Gallery, Soi Langsuan, Pathum Wan District, 10330, Thailand",+6622526572,Geoapify+OSM,"https://www.google.com/maps/search/?api=1&query=13.7419704,100.5438502"
Café des stagiaires,catering,13.721423,100.5261038,"Café des stagiaires, Soi Sathon 12, Bang Rak District, 10500, Thailand",,Geoapify+OSM,"https://www.google.com/maps/search/?api=1&query=13.721423,100.5261038"
Cari Bar,catering,13.7144148,100.593924,"Cari Bar, 1637, Vadhana District, 10110, Thailand",,Geoapify+OSM,"https://www.google.com/maps/search/?api=1&query=13.7144148,100.593924"
Castro,adult,13.750473,100.5760697,"Castro, RCA Alley, Huai Khwang District, 10310, Thailand",,Geoapify+OSM,"https://www.google.com/maps/search/?api=1&query=13.750473,100.5760697"
Center Khao Sarn,pub,13.7589807,100.4968873,,,OSM,"https://www.google.com/maps/search/?api=1&query=13.7589807,100.4968873"
Cezch Trendy Club,adult,13.7262403,100.5848429,"Cezch Trendy Club, Soi Sukhumvit 63, Vadhana District, 10110, Thailand",,Geoapify+OSM,"https://www.google.com/maps/search/?api=1&query=13.7262403,100.5848429"
Cha's Bar,catering,13.7629063,100.4994899,"Cha's Bar, Soi Samsen 2, Phra Nakhon District, 10200, Thailand",,Geoapify+OSM,"https://www.google.com/maps/search/?api=1&query=13.7629063,100.4994899"
Champions Sports Bar,catering,13.8015939,100.5743996,"Champions Sports Bar, Ratchadaphisek Road, Chatuchak District, 10900, Thailand",,Geoapify+OSM,"https://www.google.com/maps/search/?api=1&query=13.8015939,100.5743996"
Chang,catering,13.751652,100.532306,"Chang, Phaya Thai Road, Ratchathewi District, 10400, Thailand",,Geoapify+OSM,"https://www.google.com/maps/search/?api=1&query=13.751652,100.532306"
Change,bar,13.7593166,100.496229,52 ถนนข้าวสาร พระนคร,,OSM,"https://www.google.com/maps/search/?api=1&query=13.7593166,100.496229"
Chao Siam,catering,13.7319906,100.5650208,"Chao Siam, 12/3, Soi Sukhumvit 22, Khlong Toei District, 10110, Thailand",,Geoapify+OSM,"https://www.google.com/maps/search/?api=1&query=13.7319906,100.5650208"
Cheap buckets,bar,13.7591939,100.4965992,,,OSM,"https://www.google.com/maps/search/?api=1&query=13.7591939,100.4965992"
Check In bar,bar,13.7381417,100.5575964,,,OSM,"https://www.google.com/maps/search/?api=1&query=13.7381417,100.5575964"
Checkinn99,catering,13.7331122,100.5671805,"Checkinn99, Soi Sukhumvit 33, Vadhana District, 10110, Thailand",,Geoapify+OSM,"https://www.google.com/maps/search/?api=1&query=13.7331122,100.5671805"
Cheers,catering,13.7156031,100.5942192,"Cheers, Soi Pridi Banomyong 5, Vadhana District, 12060, Thailand",,Geoapify+OSM,"https://www.google.com/maps/search/?api=1&query=13.7156031,100.5942192"
Chequers,pub,13.7408121,100.5530437,,,OSM,"https://www.google.com/maps/search/?api=1&query=13.7408121,100.5530437"
Chill Bar 53,catering,13.7360626,100.6525212,"Chill Bar 53, ถนนสถานีหัวหมาก, Suan Luang District, 10250, Thailand",,Geoapify+OSM,"https://www.google.com/maps/search/?api=1&query=13.7360626,100.6525212"
Chilling House cafe,catering,13.7506604,100.5321785,"Chilling House cafe, ซอยศรีสุรุต, Ratchathewi District, 10400, Thailand",,Geoapify+OSM,"https://www.google.com/maps/search/?api=1&query=13.7506604,100.5321785"
Chinatown Yacht Club,adult,13.7396771,100.513862,"Chinatown Yacht Club, 92, Soi Nana, Pom Prap Sattru Phai District, 10100, Thailand",,Geoapify+OSM,"https://www.google.com/maps/search/?api=1&query=13.7396771,100.513862"
Chit Hole Asiatique,catering,13.7048562,100.5019729,"Chit Hole Asiatique, 2194, Charoen Krung Road, Bang Kho Laem District, 10120, Thailand",+66 64 954 6616,Geoapify+OSM,"https://www.google.com/maps/search/?api=1&query=13.7048562,100.5019729"
Chit Hole Muangthong,catering,13.9270987,100.5340815,"Chit Hole Muangthong, 50,84, Muang Thong Thani Project 6 Soi D1, Ban Mai Subdistrict, 11120, Thailand",+66 89 125 0233,Geoapify,"https://www.google.com/maps/search/?api=1&query=13.9270987,100.5340815"
Chit Hole Royal River,catering,13.7832951,100.5016537,"Chit Hole Royal River, 439, Ratchawithi Road, Bang Phlat District, 10700, Thailand",+66 64 954 6616,Geoapify+OSM,"https://www.google.com/maps/search/?api=1&query=13.7832951,100.5016537"
Chit Hole Surawong,catering,13.7300773,100.5315367,"Chit Hole Surawong, 54, Surawong Road, Bang Rak District, 10500, Thailand",+66 64 954 6616,Geoapify+OSM,"https://www.google.com/maps/search/?api=1&query=13.7300773,100.5315367"
Chit Terminal,catering,13.9055362,100.5294463,"Chit Terminal, Soi Chaeng Watthana - Pak Kret 19, Khlong Kluea Subdistrict, 11120, Thailand",+66 89 799 1123,Geoapify,"https://www.google.com/maps/search/?api=1&query=13.9055362,100.5294463"
Chitbeer,catering,13.909277,100.490859,"Chitbeer, หมู่ 1, Rob Koh Path, Ko Kret Subdistrict, 11120, Thailand",+66 89 799 1123,Geoapify,"https://www.google.com/maps/search/?api=1&query=13.909277,100.490859"
Chyna,catering,13.7374842,100.5150735,"Chyna, 23/34-35, Mittraphap Thai-China Road, Samphanthawong District, 10100, Thailand",,Geoapify+OSM,"https://www.google.com/maps/search/?api=1&query=13.7374842,100.5150735"
Cinnamon Bar,catering,13.7592667,100.4979404,"Cinnamon Bar, Ram Buttri Road, Phra Nakhon District, 10200, Thailand",,Geoapify+OSM,"https://www.google.com/maps/search/?api=1&query=13.7592667,100.4979404"
Close Friend Ratchayo,pub,13.8277323,100.5687642,1436/16 จตุจักร,,OSM,"https://www.google.com/maps/search/?api=1&query=13.8277323,100.5687642"
Cloud9,catering,13.7242537,100.5294738,"Cloud9, Naradhiwas Rajanagarindra Road, Bang Rak District, 10500, Thailand",+66 91 889 9600,Geoapify+OSM,"https://www.google.com/maps/search/?api=1&query=13.7242537,100.5294738"
Clouds,catering,13.7332159,100.5813473,"Clouds, Soi Thong Lo 13, Vadhana District, 10110, Thailand",,Geoapify+OSM,"https://www.google.com/maps/search/?api=1&query=13.7332159,100.5813473"
Club Culture,catering,13.7556631,100.5033034,"Club Culture, Soi Dannoen Klang Tai, Phra Nakhon District, 10200, Thailand",,Geoapify,"https://www.google.com/maps/search/?api=1&query=13.7556631,100.5033034"
Cockatoo Ladyboy Bar,bar,13.736908,100.5625294,,,OSM,"https://www.google.com/maps/search/?api=1&query=13.736908,100.5625294"
Cold Stone,catering,13.9040475,100.5282857,"Cold Stone, 99;99/9, Chaeng Watthana Road, Bang Talat Subdistrict, 11120, Thailand",,Geoapify,"https://www.google.com/maps/search/?api=1&query=13.9040475,100.5282857"
Concept CM2,adult,13.7448744,100.534921,"Concept CM2, Novotel Way, Pathum Wan District, 10330, Thailand",,Geoapify+OSM,"https://www.google.com/maps/search/?api=1&query=13.7448744,100.534921"
Copper,bar,13.7383517,100.5150579,,,OSM,"https://www.google.com/maps/search/?api=1&query=13.7383517,100.5150579"
Coppia,catering,13.7890764,100.4697749,"Coppia, ถนนคู่ขนานทางพิเศษประจิมรัถยา, Bang Phlat District, 10700, Thailand",,Geoapify+OSM,"https://www.google.com/maps/search/?api=1&query=13.7890764,100.4697749"
Core Beer,building,13.9553439,100.4834038,"Core Beer, 345, Bang Khu Wat Subdistrict, 11120, Thailand",,Geoapify,"https://www.google.com/maps/search/?api=1&query=13.9553439,100.4834038"
Cosmos,catering,13.7288556,100.5321152,"Cosmos, Thanon Phat Phong 2, Bang Rak District, 10500, Thailand",,Geoapify+OSM,"https://www.google.com/maps/search/?api=1&query=13.7288556,100.5321152"
cotton jazz club,pub,13.7404017,100.5100563,489 yaowarat rd,,OSM,"https://www.google.com/maps/search/?api=1&query=13.7404017,100.5100563"
Country Road,bar,13.7371121,100.5617005,,,OSM,"https://www.google.com/maps/search/?api=1&query=13.7371121,100.5617005"
Country Road,pub,13.7388542,100.5532443,คลองเตย,,OSM,"https://www.google.com/maps/search/?api=1&query=13.7388542,100.5532443"
Cowboy2,bar,13.736926,100.5622188,,,OSM,"https://www.google.com/maps/search/?api=1&query=13.736926,100.5622188"
Craft,catering,13.7226002,100.5194314,"Craft, 981, Si Lom Road, Bang Rak District, 10500, Thailand",,Geoapify+OSM,"https://www.google.com/maps/search/?api=1&query=13.7226002,100.5194314"
Craft,catering,13.7382017,100.5631864,"Craft, 16, Soi Sukhumvit 23, Vadhana District, 10110, Thailand",,Geoapify+OSM,"https://www.google.com/maps/search/?api=1&query=13.7382017,100.5631864"
Craft Beer House (So good.),catering,13.776389,100.5329988,"Craft Beer House (So good.), Soi Ari Samphan 10, Phaya Thai District, 10400, Thailand",,Geoapify+OSM,"https://www.google.com/maps/search/?api=1&query=13.776389,100.5329988"
Craft Room Sathorn,building,13.7249736,100.5399178,"Craft Room Sathorn, Sathon Nuea Road, Bang Rak District, 10500, Thailand",,Geoapify+OSM,"https://www.google.com/maps/search/?api=1&query=13.7249736,100.5399178"
Crowne Royal,catering,13.7285578,100.5323752,"Crowne Royal, Thanon Phat Phong 2, Bang Rak District, 10500, Thailand",,Geoapify+OSM,"https://www.google.com/maps/search/?api=1&query=13.7285578,100.5323752"
Crystal Palace,bar,13.7286728,100.5321941,,,OSM,"https://www.google.com/maps/search/?api=1&query=13.7286728,100.5321941"
Cul de Sac - Thonglor Rooftop Bar,catering,13.7370049,100.5758336,"Cul de Sac - Thonglor Rooftop Bar, Soi Sukhumvit 49/11, Vadhana District, 10110, Thailand",,Geoapify+OSM,"https://www.google.com/maps/search/?api=1&query=13.7370049,100.5758336"
Dark bar,adult,13.7292852,100.5860858,"Dark bar, Soi Ekkamai 10, Vadhana District, 10110, Thailand",,Geoapify+OSM,"https://www.google.com/maps/search/?api=1&query=13.7292852,100.5860858"
Darkside Bar,catering,13.7337489,100.5679049,"Darkside Bar, สุขุมวิท 33/2, Vadhana District, 10110, Thailand",,Geoapify+OSM,"https://www.google.com/maps/search/?api=1&query=13.7337489,100.5679049"
DC-10,bar,13.7414981,100.5533673,,,OSM,"https://www.google.com/maps/search/?api=1&query=13.7414981,100.5533673"
De Commune,adult,13.7426763,100.5856944,"De Commune, 1/F, Soi Sukhumvit 55, Vadhana District, 10110, Thailand",061-717-4365,Geoapify+OSM,"https://www.google.com/maps/search/?api=1&query=13.7426763,100.5856944"
Dean & Deluca,catering,13.6920471,100.7478016,"Dean & Deluca, ถนนสุวรรณภูมิ 5, Nong Prue Subdistrict, Thailand",,Geoapify,"https://www.google.com/maps/search/?api=1&query=13.6920471,100.7478016"
Decommune,adult,13.7586989,100.5036321,"Decommune, Phra Sumen Road, Phra Nakhon District, 10200, Thailand",,Geoapify+OSM,"https://www.google.com/maps/search/?api=1&query=13.7586989,100.5036321"
Deja Vu,catering,13.7370945,100.5617911,"Deja Vu, 4/46, Soi Cowboy, Vadhana District, 10110, Thailand",,Geoapify+OSM,"https://www.google.com/maps/search/?api=1&query=13.7370945,100.5617911"
Desi Beats,catering,13.7323773,100.5827605,"Desi Beats, Soi Thong Lo 10, Vadhana District, 10110, Thailand",,Geoapify+OSM,"https://www.google.com/maps/search/?api=1&query=13.7323773,100.5827605"
Destiny,bar,13.7375297,100.588771,,,OSM,"https://www.google.com/maps/search/?api=1&query=13.7375297,100.588771"
Dirty Rabbit Hidden Bar,catering,13.7134534,100.5479576,"Dirty Rabbit Hidden Bar, Soi Yen Akat 2, Yan Nawa District, 10120, Thailand",,Geoapify+OSM,"https://www.google.com/maps/search/?api=1&query=13.7134534,100.5479576"
Disc and Sip,catering,13.7332503,100.5815039,"Disc and Sip, 251/1, Soi Sukhumvit 55, Vadhana District, 10110, Thailand",,Geoapify+OSM,"https://www.google.com/maps/search/?api=1&query=13.7332503,100.5815039"
DJ Station,adult,13.7293495,100.5353512,"DJ Station, Soi Si Lom 2, Bang Rak District, 10500, Thailand",,Geoapify+OSM,"https://www.google.com/maps/search/?api=1&query=13.7293495,100.5353512"
Do Not Disturb,adult,13.7319505,100.5861009,"Do Not Disturb, Soi Ekkamai 7, Vadhana District, 10110, Thailand",,Geoapify+OSM,"https://www.google.com/maps/search/?api=1&query=13.7319505,100.5861009"
Dock 13 / Sheepshank,bar,13.7636291,100.4942909,,,OSM,"https://www.google.com/maps/search/?api=1&query=13.7636291,100.4942909"
Dog Step,catering,13.7061613,100.5989824,"Dog Step, 34/1, Soi Sukhumvit 50, Khlong Toei District, 10110, Thailand",,Geoapify+OSM,"https://www.google.com/maps/search/?api=1&query=13.7061613,100.5989824"
Dowan lobby,adult,13.7600255,100.4982761,"Dowan lobby, Tani Road, Phra Nakhon District, 10200, Thailand",,Geoapify+OSM,"https://www.google.com/maps/search/?api=1&query=13.7600255,100.4982761"
Down Under Bar,catering,13.741258,100.5556526,"Down Under Bar & Grill, 131/13, Soi Sukhumvit 7/1, Vadhana District, 10110, Thailand",,Geoapify+OSM,"https://www.google.com/maps/search/?api=1&query=13.741258,100.5556526"
Dr BJ's Salon,catering,13.7412464,100.5557456,"Dr BJ's Salon, 131/31, Soi Sukhumvit 7/1, Vadhana District, 10110, Thailand",,Geoapify+OSM,"https://www.google.com/maps/search/?api=1&query=13.7412464,100.5557456"
Dream Pub,catering,13.7542485,100.6270479,"Dream Pub, Soi Ramkhamhaeng 24 Yaek 30, Bang Kapi District, 10241, Thailand",,Geoapify+OSM,"https://www.google.com/maps/search/?api=1&query=13.7542485,100.6270479"
Drop In,catering,13.7416476,100.5549188,"Drop In, Soi Sukhumvit 7, Vadhana District, 10110, Thailand",,Geoapify+OSM,"https://www.google.com/maps/search/?api=1&query=13.7416476,100.5549188"
Dry Wave Cocktail Studio,catering,13.7337062,100.580674,"Dry Wave Cocktail Studio, Soi Thong Lo 13, Vadhana District, 10110, Thailand",,Geoapify+OSM,"https://www.google.com/maps/search/?api=1&query=13.7337062,100.580674"
Dumbo,catering,13.7887744,100.5480264,"Dumbo, Phahon Yothin Road, Phaya Thai District, 10400, Thailand",,Geoapify+OSM,"https://www.google.com/maps/search/?api=1&query=13.7887744,100.5480264"
Dumbo Jazz & Vinyl Bar,catering,13.7887242,100.5481379,"Dumbo Jazz & Vinyl Bar, Phahon Yothin Road, Phaya Thai District, 10400, Thailand",,Geoapify+OSM,"https://www.google.com/maps/search/?api=1&query=13.7887242,100.5481379"
Dun Dee,catering,13.7369274,100.5621424,"Dun Dee, 4/12, Soi Cowboy, Vadhana District, 10110, Thailand",,Geoapify+OSM,"https://www.google.com/maps/search/?api=1&query=13.7369274,100.5621424"
Dunkin' Donuts,catering,13.9141578,100.547747,"Dunkin' Donuts, Popular1 Road, Ban Mai Subdistrict, 11120, Thailand",,Geoapify,"https://www.google.com/maps/search/?api=1&query=13.9141578,100.547747"
Eagle nest,catering,13.7452184,100.4909057,"Eagle nest, Soi Tha Tien, Phra Nakhon District, 10200, Thailand",,Geoapify+OSM,"https://www.google.com/maps/search/?api=1&query=13.7452184,100.4909057"
Echo Karaoke คาราโอเกะ บ้านกลางสวน,building,13.725579,100.7636154,"Echo Karaoke คาราโอเกะ บ้านกลางสวน, ซอยแสงภากรณ์, Lat Krabang District, 10520, Thailand",,Geoapify+OSM,"https://www.google.com/maps/search/?api=1&query=13.725579,100.7636154"
Eden Club,catering,13.7410857,100.5557225,"Eden Club, Soi Sukhumvit 7/1, Vadhana District, 10110, Thailand",,Geoapify+OSM,"https://www.google.com/maps/search/?api=1&query=13.7410857,100.5557225"
Eighty Five Bar & Restaurant,catering,13.7026947,100.6034534,"Eighty Five Bar & Restaurant, Sukhumvit Soi 85, Phra Khanong District, 10260, Thailand",,Geoapify+OSM,"https://www.google.com/maps/search/?api=1&query=13.7026947,100.6034534"
Ekamai Beer House,building,13.7234061,100.5847383,"Ekamai Beer House, Soi Ekkamai 2, Vadhana District, 10110, Thailand",,Geoapify+OSM,"https://www.google.com/maps/search/?api=1&query=13.7234061,100.5847383"
Ekkamai Beer House,catering,13.723404,100.5847181,"Ekkamai Beer House, Soi Ekkamai 2, Vadhana District, 10110, Thailand",,Geoapify+OSM,"https://www.google.com/maps/search/?api=1&query=13.723404,100.5847181"
El Chiringuito,bar,13.7393763,100.5139407,221 ซอยนานา,,OSM,"https://www.google.com/maps/search/?api=1&query=13.7393763,100.5139407"
El Tapeo,catering,13.7310067,100.5814448,"El Tapeo, Soi Sukhumvit 55, Vadhana District, 10110, Thailand",,Geoapify+OSM,"https://www.google.com/maps/search/?api=1&query=13.7310067,100.5814448"
Electricblue,catering,13.7285098,100.5324353,"Electricblue, Thanon Phat Phong 2, Bang Rak District, 10500, Thailand",,Geoapify+OSM,"https://www.google.com/maps/search/?api=1&query=13.7285098,100.5324353"
Emmanuelle,adult,13.7767644,100.5728346,"Emmanuelle, 55, Soi Pracha Rat Bamphen 4, Din Daeng District, 10320, Thailand",,Geoapify+OSM,"https://www.google.com/maps/search/?api=1&query=13.7767644,100.5728346"
Empire,bar,13.7590576,100.4972639,ถนนข้าวสาร พระนคร,,OSM,"https://www.google.com/maps/search/?api=1&query=13.7590576,100.4972639"
Erotica,catering,13.7411773,100.5533053,"Erotica, Soi Sukhumvit 4, Khlong Toei District, 10330, Thailand",,Geoapify+OSM,"https://www.google.com/maps/search/?api=1&query=13.7411773,100.5533053"
Escobar,adult,13.7317814,100.5863837,"Escobar, Soi Sukhumvit 63, Vadhana District, 10110, Thailand",,Geoapify+OSM,"https://www.google.com/maps/search/?api=1&query=13.7317814,100.5863837"
Event Space 4U,catering,13.7378633,100.5579241,"Event Space 4U, Sukhumvit Plaza, Khlong Toei District, 10110, Thailand",0958730941,Geoapify+OSM,"https://www.google.com/maps/search/?api=1&query=13.7378633,100.5579241"
Exotica Exclusive Club,nightclub,13.7298915,100.5806515,วัฒนา,,OSM,"https://www.google.com/maps/search/?api=1&query=13.7298915,100.5806515"
F Bar,catering,13.7130038,100.5928289,"F Bar, ซอยสุขุมวิท พลัส 1, Khlong Toei District, 12060, Thailand",,Geoapify+OSM,"https://www.google.com/maps/search/?api=1&query=13.7130038,100.5928289"
Faraday,catering,13.9198017,100.5461596,"Faraday, Soi Chaeng Watthana - Pak Kret 39, Ban Mai Subdistrict, 11120, Thailand",,Geoapify,"https://www.google.com/maps/search/?api=1&query=13.9198017,100.5461596"
Fat Cow On The Roof,catering,13.7506443,100.5466843,"Fat Cow On The Roof, 1091/236, Soi Phetchaburi 35, Ratchathewi District, 10400, Thailand",095-003-4911,Geoapify+OSM,"https://www.google.com/maps/search/?api=1&query=13.7506443,100.5466843"
Fat Gut'z,bar,13.7334408,100.5812873,,,OSM,"https://www.google.com/maps/search/?api=1&query=13.7334408,100.5812873"
Fatty's bar & dinner,catering,13.7568476,100.5588402,"Fatty's bar & dinner, Soi Pracha Songkhro 2 Yaek 8, Din Daeng District, 10400, Thailand",,Geoapify+OSM,"https://www.google.com/maps/search/?api=1&query=13.7568476,100.5588402"
Fenny's,bar,13.7370555,100.5623295,,,OSM,"https://www.google.com/maps/search/?api=1&query=13.7370555,100.5623295"
Fetish BB,bar,13.7282616,100.5325799,,,OSM,"https://www.google.com/maps/search/?api=1&query=13.7282616,100.5325799"
Fin Bar,catering,13.7203252,100.7761371,"Fin Bar, Suvarnabhumi 4 Road, Lat Krabang District, 10520, Thailand",,Geoapify+OSM,"https://www.google.com/maps/search/?api=1&query=13.7203252,100.7761371"
Find the locker room,bar,13.7333861,100.5825439,406 ซอยทองหล่อ,,OSM,"https://www.google.com/maps/search/?api=1&query=13.7333861,100.5825439"
Fitzgeralds Irish Pub,building,13.7406691,100.5528873,"Fitzgeralds Irish Pub, 12/1, Soi Sukhumvit 4, Khlong Toei District, 10110, Thailand",+66 (0)2 255-0644,Geoapify+OSM,"https://www.google.com/maps/search/?api=1&query=13.7406691,100.5528873"
Five Star,bar,13.7370989,100.5617491,,,OSM,"https://www.google.com/maps/search/?api=1&query=13.7370989,100.5617491"
Five wine bar,catering,13.7210341,100.56903,"Five wine bar, Soi Sukhumvit 26, Khlong Toei District, 10110, Thailand",,Geoapify+OSM,"https://www.google.com/maps/search/?api=1&query=13.7210341,100.56903"
Flann O'Brien's Irish Pub,catering,13.9144587,100.548173,"Flann O'Brien's Irish Pub, Popular1 Road, Ban Mai Subdistrict, 11120, Thailand",6628334288,Geoapify,"https://www.google.com/maps/search/?api=1&query=13.9144587,100.548173"
Flix,adult,13.7518441,100.5750562,"Flix, Royal City Avenue, Huai Khwang District, 10310, Thailand",,Geoapify+OSM,"https://www.google.com/maps/search/?api=1&query=13.7518441,100.5750562"
Flora Dispensary (Phra Khanong),catering,13.7140488,100.59319,"Flora Dispensary (Phra Khanong), 1589, Sukhumvit Road, Khlong Toei District, 10110, Thailand",,Geoapify+OSM,"https://www.google.com/maps/search/?api=1&query=13.7140488,100.59319"
Flora Dispensary (Sapankhwai),catering,13.7899229,100.5471208,"Flora Dispensary (Sapankhwai), 254/20, Pradiphat Road, Phaya Thai District, 10400, Thailand",,Geoapify+OSM,"https://www.google.com/maps/search/?api=1&query=13.7899229,100.5471208"
Flow,catering,13.7449522,100.556023,"Flow, Soi Sukhumvit 11, Vadhana District, 10110, Thailand",,Geoapify+OSM,"https://www.google.com/maps/search/?api=1&query=13.7449522,100.556023"
FOMO Bar,catering,13.7315935,100.5870822,"FOMO Bar, Soi Sukhumvit 63, Vadhana District, 10110, Thailand",,Geoapify+OSM,"https://www.google.com/maps/search/?api=1&query=13.7315935,100.5870822"
Foo John Jazz club,building,13.7346014,100.5141978,"Foo John Jazz club, 831, Charoen Krung Road, Samphanthawong District, 10100, Thailand",,Geoapify+OSM,"https://www.google.com/maps/search/?api=1&query=13.7346014,100.5141978"
Fork & Cork Jazz Bar,catering,13.7288027,100.5327837,"Fork & Cork Jazz Bar, Soi Si Lom 4, Bang Rak District, 10500, Thailand",,Geoapify+OSM,"https://www.google.com/maps/search/?api=1&query=13.7288027,100.5327837"
Freedom Pub,catering,13.7362861,100.5982072,"Freedom Pub, Sukhumvit 71 Road, Vadhana District, 10110, Thailand",,Geoapify+OSM,"https://www.google.com/maps/search/?api=1&query=13.7362861,100.5982072"
Fresh Boys,catering,13.7297844,100.5318537,"Fresh Boys, Thanon Phat Phong 2, Bang Rak District, 10500, Thailand",,Geoapify+OSM,"https://www.google.com/maps/search/?api=1&query=13.7297844,100.5318537"
Full Moon,catering,13.8191413,100.593211,"Full Moon, Soi Lat Phrao Wang Hin 48, Lat Phrao District, 10230, Thailand",,Geoapify+OSM,"https://www.google.com/maps/search/?api=1&query=13.8191413,100.593211"
Future Factory Bangkok,catering,13.7757143,100.543048,"Future Factory Bangkok, Phahon Yothin Road, Phaya Thai District, 10400, Thailand",,Geoapify+OSM,"https://www.google.com/maps/search/?api=1&query=13.7757143,100.543048"
G.O.D. Club,adult,13.7290498,100.5346138,"G.O.D. Club, Soi Si Lom 2/1, Bang Rak District, 10500, Thailand",,Geoapify+OSM,"https://www.google.com/maps/search/?api=1&query=13.7290498,100.5346138"
Gangster Bar,catering,13.7602814,100.4942681,"Gangster Bar, Soi Ram Buttri, Phra Nakhon District, 10200, Thailand",,Geoapify+OSM,"https://www.google.com/maps/search/?api=1&query=13.7602814,100.4942681"
Gazebo,bar,13.7592261,100.4953383,,,OSM,"https://www.google.com/maps/search/?api=1&query=13.7592261,100.4953383"
Gecko Bar,building,13.7618231,100.4945475,"Gecko Bar, Soi Ram Buttri, Phra Nakhon District, 10200, Thailand",,Geoapify+OSM,"https://www.google.com/maps/search/?api=1&query=13.7618231,100.4945475"
Geisha,bar,13.7411864,100.5534199,,,OSM,"https://www.google.com/maps/search/?api=1&query=13.7411864,100.5534199"
Glamour,bar,13.7287422,100.5321618,,,OSM,"https://www.google.com/maps/search/?api=1&query=13.7287422,100.5321618"
Glass Half Full Bar Yaowarat เยาวราช,catering,13.7433953,100.5050988,"Glass Half Full Bar Yaowarat เยาวราช, Soi Luan Rit, Samphanthawong District, 10100, Thailand",,Geoapify+OSM,"https://www.google.com/maps/search/?api=1&query=13.7433953,100.5050988"
Glow,adult,13.738672,100.563958,"Glow, Soi Sukhumvit 23, Vadhana District, 10110, Thailand",,Geoapify+OSM,"https://www.google.com/maps/search/?api=1&query=13.738672,100.563958"
GO DUNG 64,catering,13.8391602,100.5733524,"GO DUNG 64, Phahon Yothin Road, Chatuchak District, 10900, Thailand",,Geoapify+OSM,"https://www.google.com/maps/search/?api=1&query=13.8391602,100.5733524"
Golden Cock,catering,13.7283302,100.5289457,"Golden Cock, Soi Naradhiwas Rajanagarindra 1, Bang Rak District, 10500, Thailand",,Geoapify+OSM,"https://www.google.com/maps/search/?api=1&query=13.7283302,100.5289457"
Golden Cock 2pm on,catering,13.7284335,100.5295448,"Golden Cock 2pm on, Soi Naradhiwas Rajanagarindra 1, Bang Rak District, 10500, Thailand",,Geoapify+OSM,"https://www.google.com/maps/search/?api=1&query=13.7284335,100.5295448"
Gosse Restaurant & Rooftop Bar,catering,13.7512906,100.572458,"Gosse Restaurant & Rooftop Bar, 99/6-9, Chaturathit Road, Huai Khwang District, 10310, Thailand",,Geoapify+OSM,"https://www.google.com/maps/search/?api=1&query=13.7512906,100.572458"
Gossip,building,13.7346003,100.5810605,"Gossip, Soi Thong Lo 15, Vadhana District, 10110, Thailand",,Geoapify+OSM,"https://www.google.com/maps/search/?api=1&query=13.7346003,100.5810605"
Grand Cafe the Green Parrot,catering,13.7340745,100.5651966,"Grand Cafe the Green Parrot, 525, Sukhumvit Road, Khlong Toei District, 10110, Thailand",,Geoapify+OSM,"https://www.google.com/maps/search/?api=1&query=13.7340745,100.5651966"
Gun cocktails (cheap cocktails and beer),catering,13.7603994,100.4968714,"Gun cocktails (cheap cocktails and beer), Ram Buttri Road, Phra Nakhon District, 10200, Thailand",,Geoapify+OSM,"https://www.google.com/maps/search/?api=1&query=13.7603994,100.4968714"
Gypsy's Lips,catering,13.7601926,100.4941266,"Gypsy's Lips, Soi Ram Buttri, Phra Nakhon District, 10200, Thailand",,Geoapify+OSM,"https://www.google.com/maps/search/?api=1&query=13.7601926,100.4941266"
Hair of the Dog,catering,13.7420728,100.5491612,"Hair of the Dog, Soi Ruam Rudi, Pathum Wan District, 10330, Thailand",,Geoapify+OSM,"https://www.google.com/maps/search/?api=1&query=13.7420728,100.5491612"
Halem,catering,13.7502536,100.5561383,"Halem, Soi Phetchaburi 39, Ratchathewi District, 10400, Thailand",,Geoapify+OSM,"https://www.google.com/maps/search/?api=1&query=13.7502536,100.5561383"
Halleluja German Beer Garden,catering,13.7377767,100.6538064,"Halleluja German Beer Garden, Soi Sa-ngop Suk, Suan Luang District, 10250, Thailand",,Geoapify+OSM,"https://www.google.com/maps/search/?api=1&query=13.7377767,100.6538064"
Hanna,catering,13.7292469,100.5726563,"Hanna, 2/26, Soi Sukhumvit 41, Vadhana District, 10110, Thailand",,Geoapify+OSM,"https://www.google.com/maps/search/?api=1&query=13.7292469,100.5726563"
Happening,bar,13.7264227,100.5294259,,,OSM,"https://www.google.com/maps/search/?api=1&query=13.7264227,100.5294259"
Happy bar,catering,13.759429,100.497013,"Happy bar, Khao San Road, Phra Nakhon District, 10200, Thailand",,Geoapify+OSM,"https://www.google.com/maps/search/?api=1&query=13.759429,100.497013"
HAPPY FISH,catering,13.7050353,100.5022268,"HAPPY FISH, Soi Charoen Krung 74/2, Bang Kho Laem District, 10120, Thailand",+6621084498;+66830159988,Geoapify+OSM,"https://www.google.com/maps/search/?api=1&query=13.7050353,100.5022268"
Happy Monday,catering,13.7294477,100.5864881,"Happy Monday, Soi Ekkamai 10, Vadhana District, 10110, Thailand",,Geoapify+OSM,"https://www.google.com/maps/search/?api=1&query=13.7294477,100.5864881"
Havana Social,catering,13.745528,100.5558713,"Havana Social, 28, Soi Sukhumvit 3, Vadhana District, 10110, Thailand",,Geoapify+OSM,"https://www.google.com/maps/search/?api=1&query=13.745528,100.5558713"
Hawana Beer Bar,bar,13.7455483,100.5560543,,,OSM,"https://www.google.com/maps/search/?api=1&query=13.7455483,100.5560543"
HE.HA.PA.MAO,bar,13.7399242,100.5139361,14 ซอยนานา ป้อมปราบศัตรูพ่าย,,OSM,"https://www.google.com/maps/search/?api=1&query=13.7399242,100.5139361"
Healthy Bar,catering,13.7437772,100.5412634,"Healthy Bar, 496-502, Phloen Chit Road, Pathum Wan District, 10330, Thailand",,Geoapify+OSM,"https://www.google.com/maps/search/?api=1&query=13.7437772,100.5412634"
Heaven,catering,13.7452072,100.5390491,"Heaven, 999/9, Ratchadamri Road, Pathum Wan District, 10330, Thailand",,Geoapify+OSM,"https://www.google.com/maps/search/?api=1&query=13.7452072,100.5390491"
Heaven Rooftop Bar & Lounge,catering,13.7258491,100.5277472,"Heaven Rooftop Bar & Lounge, 43-44, Si Lom Road, Bang Rak District, 10500, Thailand",,Geoapify+OSM,"https://www.google.com/maps/search/?api=1&query=13.7258491,100.5277472"
Hi Class Massage,nightclub,13.777499,100.5729616,,,OSM,"https://www.google.com/maps/search/?api=1&query=13.777499,100.5729616"
HI-SO Rooftop Bar,bar,13.726097,100.5432526,2 ถนนสาทรเหนือ,+66 2 624 0000,OSM,"https://www.google.com/maps/search/?api=1&query=13.726097,100.5432526"
Hillary 11,catering,13.7448308,100.5567285,"Hillary 11, Soi Sukhumvit 11, Vadhana District, 10110, Thailand",,Geoapify+OSM,"https://www.google.com/maps/search/?api=1&query=13.7448308,100.5567285"
Hillary 2,adult,13.7406276,100.5531456,"Hillary 2, Soi Sukhumvit 4, Khlong Toei District, 10110, Thailand",,Geoapify+OSM,"https://www.google.com/maps/search/?api=1&query=13.7406276,100.5531456"
Hillary 3 Bar,catering,13.7433763,100.5565175,"Hillary 3 Bar, Soi Sukhumvit 11, Vadhana District, 10110, Thailand",,Geoapify+OSM,"https://www.google.com/maps/search/?api=1&query=13.7433763,100.5565175"
Hillary 4 Red,catering,13.7413085,100.5530355,"Hillary 4 Red, Soi Sukhumvit 4, Khlong Toei District, 10330, Thailand",,Geoapify+OSM,"https://www.google.com/maps/search/?api=1&query=13.7413085,100.5530355"
Hippie de Bar,catering,13.7592479,100.4960533,"Hippie de Bar, Tom Yum Kung, Phra Nakhon District, 10200, Thailand",,Geoapify+OSM,"https://www.google.com/maps/search/?api=1&query=13.7592479,100.4960533"
Hlung Raak Bar (First House),catering,13.7498252,100.510211,"Hlung Raak Bar (First House), Chaloem Khet 1 Road, Pom Prap Sattru Phai District, 10100, Thailand",,Geoapify+OSM,"https://www.google.com/maps/search/?api=1&query=13.7498252,100.510211"
Hobb,adult,13.7509096,100.575724,"Hobb, RCA Alley, Huai Khwang District, 10310, Thailand",,Geoapify+OSM,"https://www.google.com/maps/search/?api=1&query=13.7509096,100.575724"
hobs,catering,13.8341995,100.6118726,"hobs, Soi Prasert Manukitch 27, Lat Phrao District, 10230, Thailand",+6629070936,Geoapify+OSM,"https://www.google.com/maps/search/?api=1&query=13.8341995,100.6118726"
HOBS (House of Beer),catering,13.7796255,100.545086,"HOBS (House of Beer), 356, Phahon Yothin Road, Phaya Thai District, 10400, Thailand",,Geoapify+OSM,"https://www.google.com/maps/search/?api=1&query=13.7796255,100.545086"
Hobs Away,catering,13.7799401,100.5450185,"Hobs Away, Phahon Yothin Road, Phaya Thai District, 10400, Thailand",,Geoapify+OSM,"https://www.google.com/maps/search/?api=1&query=13.7799401,100.5450185"
HOBS Iconsiam the Pleasing Taste By the River,pub,13.7266661,100.5111924,,,OSM,"https://www.google.com/maps/search/?api=1&query=13.7266661,100.5111924"
HOBS The Playhouse,catering,13.7455614,100.5383484,"HOBS The Playhouse, 999/9, Ratchadamri Road, Pathum Wan District, 10330, Thailand",,Geoapify+OSM,"https://www.google.com/maps/search/?api=1&query=13.7455614,100.5383484"
Hoffman House,adult,13.7223496,100.7659401,"Hoffman House, Lat Krabang Road, Lat Krabang District, 10520, Thailand",,Geoapify+OSM,"https://www.google.com/maps/search/?api=1&query=13.7223496,100.7659401"
HoL KloM,catering,13.751671,100.532147,"HoL KloM, Phaya Thai Road, Ratchathewi District, 10400, Thailand",,Geoapify+OSM,"https://www.google.com/maps/search/?api=1&query=13.751671,100.532147"
Home mens club,catering,13.7424534,100.5614338,"Home mens club, 167, Soi Sukhumvit 21 Soi 3, Vadhana District, 10110, Thailand",,Geoapify+OSM,"https://www.google.com/maps/search/?api=1&query=13.7424534,100.5614338"
Honest Mistake,catering,13.7884754,100.5483274,"Honest Mistake, 488, Phahon Yothin Road, Phaya Thai District, 10400, Thailand",,Geoapify+OSM,"https://www.google.com/maps/search/?api=1&query=13.7884754,100.5483274"
Honey House Cafe & Restaurant,catering,13.7326327,100.5650484,"Honey House Cafe & Restaurant, Soi Sukhumvit 22, Khlong Toei District, 10110, Thailand",,Geoapify+OSM,"https://www.google.com/maps/search/?api=1&query=13.7326327,100.5650484"
Horn,nightclub,13.7284617,100.5329437,71-73 Soi Si Lom 4 Bang Rak,,OSM,"https://www.google.com/maps/search/?api=1&query=13.7284617,100.5329437"
Hotaru,catering,13.7325003,100.5828034,"Hotaru, Soi Thong Lo 10, Vadhana District, 10110, Thailand",,Geoapify+OSM,"https://www.google.com/maps/search/?api=1&query=13.7325003,100.5828034"
House of HEALS,catering,13.7427012,100.5419026,"House of HEALS, 518/8, Soi Mahatlek Luang 1, Pathum Wan District, 10330, Thailand",+66993366262,Geoapify+OSM,"https://www.google.com/maps/search/?api=1&query=13.7427012,100.5419026"
Hu'u Bar,catering,13.720795,100.5280414,"Hu'u Bar, Sathon Tai Road, Sathon District, 10120, Thailand",,Geoapify+OSM,"https://www.google.com/maps/search/?api=1&query=13.720795,100.5280414"
Hyde & Seek,bar,13.7294748,100.5358685,,,OSM,"https://www.google.com/maps/search/?api=1&query=13.7294748,100.5358685"
Ice Cream Cocktails,catering,13.7148399,100.5942398,"Ice Cream Cocktails, Soi Pridi Banomyong 3, Vadhana District, 12060, Thailand",,Geoapify+OSM,"https://www.google.com/maps/search/?api=1&query=13.7148399,100.5942398"
Illionaire,adult,13.7312774,100.5877065,"Illionaire, 124/7, Soi Ekkamai 14, Vadhana District, 10110, Thailand",,Geoapify+OSM,"https://www.google.com/maps/search/?api=1&query=13.7312774,100.5877065"
In Love,bar,13.7778397,100.5585528,28/3 ซอยวิภาวดีรังสิต 2 ดินแดง,,OSM,"https://www.google.com/maps/search/?api=1&query=13.7778397,100.5585528"
Independence Cocktail Bar,catering,13.7396398,100.5147563,"Independence Cocktail Bar, 687, Maitri Chit Road, Pom Prap Sattru Phai District, 10100, Thailand",,Geoapify+OSM,"https://www.google.com/maps/search/?api=1&query=13.7396398,100.5147563"
Insanity nightclub,nightclub,13.7450234,100.5566245,32/2 ถนนสุขุมวิท ซอย11,+66 082 731 8885,OSM,"https://www.google.com/maps/search/?api=1&query=13.7450234,100.5566245"
Irish Pub,pub,13.7395337,100.5584663,,,OSM,"https://www.google.com/maps/search/?api=1&query=13.7395337,100.5584663"
Iron Balls,catering,13.728151,100.573137,"Iron Balls, Sukhumvit Road, Khlong Toei District, 10110, Thailand",,Geoapify+OSM,"https://www.google.com/maps/search/?api=1&query=13.728151,100.573137"
Iron Balls Gin Destillery,catering,13.7232495,100.5842144,"Iron Balls Gin Destillery, Soi Sukhumvit 63, Vadhana District, 10110, Thailand",,Geoapify+OSM,"https://www.google.com/maps/search/?api=1&query=13.7232495,100.5842144"
Is Orange,building,13.7583529,100.4981325,"Is Orange, Khao San Road, Phra Nakhon District, 10200, Thailand",,Geoapify+OSM,"https://www.google.com/maps/search/?api=1&query=13.7583529,100.4981325"
Izumo Green,adult,13.7392893,100.5620456,"Izumo Green, Asok Montri Road, Vadhana District, 10110, Thailand",,Geoapify+OSM,"https://www.google.com/maps/search/?api=1&query=13.7392893,100.5620456"
J.Boroski,catering,13.7301306,100.5807891,"J.Boroski, Soi Sukhumvit 55, Vadhana District, 10110, Thailand",,Geoapify+OSM,"https://www.google.com/maps/search/?api=1&query=13.7301306,100.5807891"
Jack's Bar,catering,13.7223567,100.5135725,"Jack's Bar, 62/1, Soi Charoen Krung 42, Bang Rak District, 10500, Thailand",,Geoapify+OSM,"https://www.google.com/maps/search/?api=1&query=13.7223567,100.5135725"
JAM,adult,13.7171049,100.5203613,"JAM, Soi Charoen Rat 1, Sathon District, 10120, Thailand",,Geoapify+OSM,"https://www.google.com/maps/search/?api=1&query=13.7171049,100.5203613"
Jazz Happens,bar,13.7620197,100.4935959,,,OSM,"https://www.google.com/maps/search/?api=1&query=13.7620197,100.4935959"
JJ’s Music Bar,catering,13.7294013,100.5353959,"JJ’s Music Bar, Soi Si Lom 2, Bang Rak District, 10500, Thailand",,Geoapify+OSM,"https://www.google.com/maps/search/?api=1&query=13.7294013,100.5353959"
Jools Bar,bar,13.7652068,100.5001256,160 ถนนสามเสน,+66 20 700 469,OSM,"https://www.google.com/maps/search/?api=1&query=13.7652068,100.5001256"
Jungle Jims,bar,13.7369172,100.56237,,,OSM,"https://www.google.com/maps/search/?api=1&query=13.7369172,100.56237"
Junker and Bar,building,13.72029,100.5377502,"Junker and Bar, 454, Suan Phlu Road, Sathon District, 10120, Thailand",,Geoapify+OSM,"https://www.google.com/maps/search/?api=1&query=13.72029,100.5377502"
K & S,pub,13.7413879,100.5530334,,,OSM,"https://www.google.com/maps/search/?api=1&query=13.7413879,100.5530334"
Karaoke City,adult,13.816474,100.6221612,"Karaoke City, Pradit Manutham Road, Lat Phrao District, 10230, Thailand",+66 92 481 3727,Geoapify+OSM,"https://www.google.com/maps/search/?api=1&query=13.816474,100.6221612"
Kazy Kozi,adult,13.7368893,100.5626936,"Kazy Kozi, 9/4, Soi Sukhumvit 23, Vadhana District, 10110, Thailand",,Geoapify+OSM,"https://www.google.com/maps/search/?api=1&query=13.7368893,100.5626936"
Khao San Pub Crawl,catering,13.7585175,100.4961982,"Khao San Pub Crawl, 81, Trok Mayom, Phra Nakhon District, 10200, Thailand",,Geoapify+OSM,"https://www.google.com/maps/search/?api=1&query=13.7585175,100.4961982"
Khao San Road,adult,13.7596326,100.4957593,"Khao San Road, Phra Nakhon District, 10200, Thailand",,Geoapify+OSM,"https://www.google.com/maps/search/?api=1&query=13.7596326,100.4957593"
Khaosan Bar,bar,13.7592633,100.4962551,54-56 ถนนข้าวสาร พระนคร,,OSM,"https://www.google.com/maps/search/?api=1&query=13.7592633,100.4962551"
Kicking Donkey,building,13.7390206,100.5533445,"Kicking Donkey, Soi Sukhumvit 6, Khlong Toei District, 10110, Thailand",,Geoapify+OSM,"https://www.google.com/maps/search/?api=1&query=13.7390206,100.5533445"
King Indian Night Club,nightclub,13.7405168,100.5531606,คลองเตย,,OSM,"https://www.google.com/maps/search/?api=1&query=13.7405168,100.5531606"
King's Garden,catering,13.7289676,100.5320656,"King's Garden, Thanon Phat Phong 2, Bang Rak District, 10500, Thailand",,Geoapify+OSM,"https://www.google.com/maps/search/?api=1&query=13.7289676,100.5320656"
Kush,nightclub,13.725608,100.5698925,,0883444400,OSM,"https://www.google.com/maps/search/?api=1&query=13.725608,100.5698925"
Kū bar,catering,13.7588735,100.5036966,"Kū bar, Phra Sumen Road, Phra Nakhon District, 10200, Thailand",,Geoapify+OSM,"https://www.google.com/maps/search/?api=1&query=13.7588735,100.5036966"
La Amistad BKK,catering,13.7396694,100.5654902,"La Amistad BKK, Soi 100 Pi Sayam Samakhom, Vadhana District, 10110, Thailand",,Geoapify+OSM,"https://www.google.com/maps/search/?api=1&query=13.7396694,100.5654902"
La Belle,adult,13.7493523,100.56607,"La Belle Entertainment Comples, Kamphaeng Phet 7 Road, Huai Khwang District, 10310, Thailand",,Geoapify+OSM,"https://www.google.com/maps/search/?api=1&query=13.7493523,100.56607"
La Casa del Habano Sindhorn Kempinski,bar,13.73659,100.5434945,68/3 ถนนสารสิน,02 252 8228,OSM,"https://www.google.com/maps/search/?api=1&query=13.73659,100.5434945"
La Lance,catering,13.7593048,100.4966503,"La Lance, Khao San Road, Phra Nakhon District, 10200, Thailand",,Geoapify+OSM,"https://www.google.com/maps/search/?api=1&query=13.7593048,100.4966503"
Lady Boy Bar,bar,13.7370284,100.5624789,,,OSM,"https://www.google.com/maps/search/?api=1&query=13.7370284,100.5624789"
Lan Lom Udomsuk,catering,13.6777988,100.6361211,"Lan Lom Udomsuk, Udom Suk Road, Bang Na District, 10260, Thailand",,Geoapify+OSM,"https://www.google.com/maps/search/?api=1&query=13.6777988,100.6361211"
Laos Terrance,catering,13.8290365,100.4865378,"Laos Terrance, Bang Pai Pattana - Yak Wat Amarit Road, Bang Phai Subdistrict, 11000, Thailand",,Geoapify,"https://www.google.com/maps/search/?api=1&query=13.8290365,100.4865378"
Las Vegas Nana,building,13.7410005,100.5528967,"Las Vegas Nana, Soi Sukhumvit 4, Khlong Toei District, 10110, Thailand",,Geoapify+OSM,"https://www.google.com/maps/search/?api=1&query=13.7410005,100.5528967"
LBBBBU,building,13.7205796,100.5376366,"LBBBBU, 184, Suan Phlu Road, Sathon District, 10120, Thailand",,Geoapify+OSM,"https://www.google.com/maps/search/?api=1&query=13.7205796,100.5376366"
Le Champagne,catering,13.7447969,100.540733,"Le Champagne, Phloen Chit Road, Pathum Wan District, 10330, Thailand",,Geoapify+OSM,"https://www.google.com/maps/search/?api=1&query=13.7447969,100.540733"
LEB_BAR_BKK,catering,13.7433442,100.5050544,"LEB_BAR_BKK, Soi Luan Rit, Samphanthawong District, 10100, Thailand",,Geoapify+OSM,"https://www.google.com/maps/search/?api=1&query=13.7433442,100.5050544"
Led,adult,13.7507003,100.575889,"Led, RCA Alley, Huai Khwang District, 10310, Thailand",,Geoapify+OSM,"https://www.google.com/maps/search/?api=1&query=13.7507003,100.575889"
Lee La,catering,13.7490768,100.5045736,"Lee La, Paribatra Road, Pom Prap Sattru Phai District, 10100, Thailand",,Geoapify+OSM,"https://www.google.com/maps/search/?api=1&query=13.7490768,100.5045736"
Lemon Bangkok,catering,13.7291456,100.5728641,"Lemon Bangkok, Soi Sukhumvit 43, Vadhana District, 10110, Thailand",,Geoapify+OSM,"https://www.google.com/maps/search/?api=1&query=13.7291456,100.5728641"
Lemon Club Japanese Karaoke,catering,13.7382668,100.5651396,"Lemon Club Japanese Karaoke, Soi Sukhumvit 27, Vadhana District, 10110, Thailand",,Geoapify+OSM,"https://www.google.com/maps/search/?api=1&query=13.7382668,100.5651396"
Let the boy die,catering,13.7465873,100.5113441,"Let the boy die, Luang Road, Pom Prap Sattru Phai District, 10100, Thailand",,Geoapify+OSM,"https://www.google.com/maps/search/?api=1&query=13.7465873,100.5113441"
Levels,adult,13.7443925,100.5559609,"levels club,lounge&terrace, 35, Soi Sukhumvit 11, Vadhana District, 10110, Thailand",,Geoapify+OSM,"https://www.google.com/maps/search/?api=1&query=13.7443925,100.5559609"
Liquid,catering,13.7778076,100.5608483,"Liquid, Soi Vibhavadi Rangsit 2, Din Daeng District, 10400, Thailand",,Geoapify+OSM,"https://www.google.com/maps/search/?api=1&query=13.7778076,100.5608483"
Little Bar,catering,13.7639364,100.499565,"Little Bar, Soi Samsen 4, Phra Nakhon District, 10200, Thailand",,Geoapify+OSM,"https://www.google.com/maps/search/?api=1&query=13.7639364,100.499565"
Little Wine Bar,bar,13.7380048,100.563281,,,OSM,"https://www.google.com/maps/search/?api=1&query=13.7380048,100.563281"
Live Lounge,catering,13.7411643,100.5577315,"Live Lounge, 10, Soi Sukhumvit 13, Vadhana District, 10110, Thailand",,Geoapify+OSM,"https://www.google.com/maps/search/?api=1&query=13.7411643,100.5577315"
Live RCA,adult,13.7467699,100.5814873,"Live RCA, Soi Phetchaburi 47 Yaek 3-1, Huai Khwang District, 10310, Thailand",,Geoapify+OSM,"https://www.google.com/maps/search/?api=1&query=13.7467699,100.5814873"
Lolipop,catering,13.7416088,100.5531842,"Lolipop, Soi Sukhumvit 4, Khlong Toei District, 10330, Thailand",,Geoapify+OSM,"https://www.google.com/maps/search/?api=1&query=13.7416088,100.5531842"
Lolita's,catering,13.7392395,100.5556686,"Lolita's, Soi Sukhumvit 6, Khlong Toei District, 10110, Thailand",,Geoapify+OSM,"https://www.google.com/maps/search/?api=1&query=13.7392395,100.5556686"
Lollipop 2,bar,13.737045,100.5571061,19/4 ซอยสุขุมวิท 10 คลองเตย,,OSM,"https://www.google.com/maps/search/?api=1&query=13.737045,100.5571061"
Long Gun,catering,13.7369489,100.5618736,"Long Gun, 4/5, Soi Cowboy, Vadhana District, 10110, Thailand",,Geoapify+OSM,"https://www.google.com/maps/search/?api=1&query=13.7369489,100.5618736"
Lost Land,pub,13.7262045,100.580129,,,OSM,"https://www.google.com/maps/search/?api=1&query=13.7262045,100.580129"
Lucky Beer,catering,13.7591308,100.4970023,"Lucky Beer, Khao San Road, Phra Nakhon District, 10200, Thailand",,Geoapify+OSM,"https://www.google.com/maps/search/?api=1&query=13.7591308,100.4970023"
Lucky Karaoke,adult,13.9047456,100.5381926,"Lucky Karaoke, 58/71, Soi Chaeng Watthana - Pak Kret 33, Khlong Kluea Subdistrict, 11120, Thailand",,Geoapify,"https://www.google.com/maps/search/?api=1&query=13.9047456,100.5381926"
Lun La karaoke,building,13.8226942,100.5962265,"Lun La karaoke, Chok Chai 4 Road, Lat Phrao District, 10230, Thailand",,Geoapify+OSM,"https://www.google.com/maps/search/?api=1&query=13.8226942,100.5962265"
Lush Rooftop,bar,13.7428952,100.5563321,,,OSM,"https://www.google.com/maps/search/?api=1&query=13.7428952,100.5563321"
Madame Musur,building,13.762158,100.4949425,"Madame Musur, Soi Ram Buttri, Phra Nakhon District, 10200, Thailand",,Geoapify+OSM,"https://www.google.com/maps/search/?api=1&query=13.762158,100.4949425"
Maggie Choo,catering,13.7230002,100.5184573,"Maggie Choo, 320, Si Lom Road, Bang Rak District, 10500, Thailand",026356055,Geoapify+OSM,"https://www.google.com/maps/search/?api=1&query=13.7230002,100.5184573"
Mahaniyom,bar,13.729085,100.5183035,104 ถนนมหาเศรษฐ์,,OSM,"https://www.google.com/maps/search/?api=1&query=13.729085,100.5183035"
Mambo Mambo,bar,13.7266843,100.5380006,,,OSM,"https://www.google.com/maps/search/?api=1&query=13.7266843,100.5380006"
Mandarin,bar,13.741233,100.5531661,,,OSM,"https://www.google.com/maps/search/?api=1&query=13.741233,100.5531661"
Mango Tree,catering,13.69216,100.7478362,"Mango Tree, ถนนสุวรรณภูมิ 5, Nong Prue Subdistrict, Thailand",,Geoapify,"https://www.google.com/maps/search/?api=1&query=13.69216,100.7478362"
Mansion 7 Night Alive,adult,13.7812466,100.5744095,"Mansion 7 Night Alive, Soi Ratchadaphisek 14 Yaek 2, Huai Khwang District, 10310, Thailand",,Geoapify+OSM,"https://www.google.com/maps/search/?api=1&query=13.7812466,100.5744095"
MASH,pub,13.727335,100.5332686,2/3 ถนนคอนแวนต์ บางรัก,,OSM,"https://www.google.com/maps/search/?api=1&query=13.727335,100.5332686"
McCafe',catering,13.8285352,100.568701,"McCafe', 1839, Phahon Yothin Road, Chatuchak District, 10900, Thailand",,Geoapify+OSM,"https://www.google.com/maps/search/?api=1&query=13.8285352,100.568701"
Me Smile,building,13.7258105,100.7636063,"Me Smile, ซอยแสงภากรณ์, Lat Krabang District, 10520, Thailand",,Geoapify+OSM,"https://www.google.com/maps/search/?api=1&query=13.7258105,100.7636063"
Me Smile Craft Beer,building,13.7255776,100.7637819,"Me Smile Craft Beer, ซอยแสงภากรณ์, Lat Krabang District, 10520, Thailand",+66 86 347 1024,Geoapify+OSM,"https://www.google.com/maps/search/?api=1&query=13.7255776,100.7637819"
Meet Armand!,bar,13.7285972,100.5283212,,,OSM,"https://www.google.com/maps/search/?api=1&query=13.7285972,100.5283212"
Meeting Point,bar,13.8290841,100.5695539,,,OSM,"https://www.google.com/maps/search/?api=1&query=13.8290841,100.5695539"
Mello Yello,adult,13.7500749,100.5765435,"Mello Yello, Royal City Avenue, Huai Khwang District, 10310, Thailand",,Geoapify+OSM,"https://www.google.com/maps/search/?api=1&query=13.7500749,100.5765435"
Mellow,bar,13.7345511,100.5829866,ซอยสุขุมวิท 55,,OSM,"https://www.google.com/maps/search/?api=1&query=13.7345511,100.5829866"
Miami Beat,building,13.6204562,100.6237239,"Miami Beat, Srinagarindra Road, Bang Mueang Subdistrict Municipality, Thepharak Subdistrict, 10270, Thailand",,Geoapify,"https://www.google.com/maps/search/?api=1&query=13.6204562,100.6237239"
Midnight Bar,catering,13.7370257,100.5625173,"Midnight Bar, 4/27, Soi Cowboy, Vadhana District, 10110, Thailand",,Geoapify+OSM,"https://www.google.com/maps/search/?api=1&query=13.7370257,100.5625173"
Mikkeller,catering,13.7277732,100.5884555,"Mikkeller, 26, Soi Ekkamai 10, Vadhana District, 10110, Thailand",023819891,Geoapify+OSM,"https://www.google.com/maps/search/?api=1&query=13.7277732,100.5884555"
Mirai Club Karaoke,adult,13.737953,100.5666137,"Mirai Club Karaoke, Soi Sukhumvit 31, Vadhana District, 10110, Thailand",,Geoapify+OSM,"https://www.google.com/maps/search/?api=1&query=13.737953,100.5666137"
Mitu Massage,bar,13.7345269,100.5678153,,,OSM,"https://www.google.com/maps/search/?api=1&query=13.7345269,100.5678153"
mixer,catering,13.661608,100.5375782,"mixer, Sri Kueankan Road, Talat Subdistrict, 10130, Thailand",,Geoapify,"https://www.google.com/maps/search/?api=1&query=13.661608,100.5375782"
Molly Bar,building,13.7592033,100.4979985,"Molly Bar, Sunset Street, Phra Nakhon District, 10200, Thailand",,Geoapify+OSM,"https://www.google.com/maps/search/?api=1&query=13.7592033,100.4979985"
Molly Malone's,bar,13.7274447,100.5334988,,,OSM,"https://www.google.com/maps/search/?api=1&query=13.7274447,100.5334988"
Monet Club,adult,13.7335619,100.5672545,"Monet Club, Soi Sukhumvit 33, Vadhana District, 10110, Thailand",,Geoapify+OSM,"https://www.google.com/maps/search/?api=1&query=13.7335619,100.5672545"
Money Club Bangkok,bar,13.77217,100.6077562,,,OSM,"https://www.google.com/maps/search/?api=1&query=13.77217,100.6077562"
Monkey Shake,catering,13.914346,100.5476516,"Monkey Shake, Popular1 Road, Ban Mai Subdistrict, 11120, Thailand",,Geoapify,"https://www.google.com/maps/search/?api=1&query=13.914346,100.5476516"
Monster Bar,catering,13.7628241,100.4996381,"Monster Bar, Soi Samsen 2, Phra Nakhon District, 10200, Thailand",,Geoapify+OSM,"https://www.google.com/maps/search/?api=1&query=13.7628241,100.4996381"
Moon Bar - Rooftop,catering,13.8311892,100.5592884,"Moon Bar - Rooftop, 1/24, Soi Vibhavadi Rangsit 38, Chatuchak District, 10900, Thailand",+66 86 536 6445,Geoapify+OSM,"https://www.google.com/maps/search/?api=1&query=13.8311892,100.5592884"
Moonshine Joint,catering,13.7369131,100.5624112,"Moonshine Joint, 4/19, Soi Cowboy, Vadhana District, 10110, Thailand",,Geoapify+OSM,"https://www.google.com/maps/search/?api=1&query=13.7369131,100.5624112"
Motu Bangkok,catering,13.7481497,100.4965259,"Motu Bangkok, Atsadang Road, Phra Nakhon District, 10200, Thailand",,Geoapify+OSM,"https://www.google.com/maps/search/?api=1&query=13.7481497,100.4965259"
Move on Ekkamai,catering,13.7196685,100.5853364,"Move on Ekkamai, Sukhumvit Road, Khlong Toei District, 10110, Thailand",,Geoapify+OSM,"https://www.google.com/maps/search/?api=1&query=13.7196685,100.5853364"
Mr. Shake,bar,13.8282397,100.5678951,,,OSM,"https://www.google.com/maps/search/?api=1&query=13.8282397,100.5678951"
Muay Thai,bar,13.751683,100.532029,,,OSM,"https://www.google.com/maps/search/?api=1&query=13.751683,100.532029"
Mulligan's,catering,13.7438394,100.5568093,"Mulligan's, Soi Sukhumvit 11, Vadhana District, 10110, Thailand",,Geoapify+OSM,"https://www.google.com/maps/search/?api=1&query=13.7438394,100.5568093"
Mulligans,catering,13.7584275,100.4984863,"Mulligans, Khao San Road, Phra Nakhon District, 10200, Thailand",,Geoapify+OSM,"https://www.google.com/maps/search/?api=1&query=13.7584275,100.4984863"
Murmur,bar,13.7636211,100.4990064,59-61 Samsen Rd พระนคร,,OSM,"https://www.google.com/maps/search/?api=1&query=13.7636211,100.4990064"
Murphy’s Irish Pub,catering,13.7374177,100.562902,"Murphy’s Irish Pub, Soi Sukhumvit 23, Vadhana District, 10110, Thailand",,Geoapify+OSM,"https://www.google.com/maps/search/?api=1&query=13.7374177,100.562902"
Music Cafe,catering,13.7289144,100.5318967,"Music Cafe, Soi Phat Phong 1/2, Bang Rak District, 10500, Thailand",,Geoapify+OSM,"https://www.google.com/maps/search/?api=1&query=13.7289144,100.5318967"
Music Sciety,catering,13.75172,100.531831,"Music Sciety, Phaya Thai Road, Ratchathewi District, 10400, Thailand",,Geoapify+OSM,"https://www.google.com/maps/search/?api=1&query=13.75172,100.531831"
Mustache Bar,catering,13.7733932,100.5713025,"Mustache Bar, Soi Ratchadaphisek 7, Din Daeng District, 10400, Thailand",,Geoapify+OSM,"https://www.google.com/maps/search/?api=1&query=13.7733932,100.5713025"
My friend's bar,catering,13.7615702,100.495685,"My friend's bar, Soi Ram Buttri, Phra Nakhon District, 10200, Thailand",,Geoapify,"https://www.google.com/maps/search/?api=1&query=13.7615702,100.495685"
Nana Beer Garden,catering,13.741362,100.5532701,"Nana Beer Garden, Soi Sukhumvit 4, Khlong Toei District, 10330, Thailand",,Geoapify+OSM,"https://www.google.com/maps/search/?api=1&query=13.741362,100.5532701"
Nang Kwak,catering,13.7326645,100.5822892,"Nang Kwak, Soi Sukhumvit 55, Vadhana District, 10110, Thailand",,Geoapify+OSM,"https://www.google.com/maps/search/?api=1&query=13.7326645,100.5822892"
Narcissus,adult,13.7379967,100.5656188,"Narcissus, Soi Sukhumvit 27, Vadhana District, 10110, Thailand",,Geoapify+OSM,"https://www.google.com/maps/search/?api=1&query=13.7379967,100.5656188"
New Twilight Man Club,catering,13.7281423,100.5289124,"New Twilight Man Club, 43, Soi Anuman Rajdhon, Bang Rak District, 10500, Thailand",,Geoapify+OSM,"https://www.google.com/maps/search/?api=1&query=13.7281423,100.5289124"
New Victoria,catering,13.7409263,100.5555962,"New Victoria, Soi Sukhumvit 7/1, Vadhana District, 10110, Thailand",,Geoapify+OSM,"https://www.google.com/maps/search/?api=1&query=13.7409263,100.5555962"
Nineteens Up,catering,13.7231326,100.5209407,"Nineteens Up, Soi Si Lom 19, Bang Rak District, 10500, Thailand",+66966496919,Geoapify+OSM,"https://www.google.com/maps/search/?api=1&query=13.7231326,100.5209407"
No Bar Wine Bar,building,13.7783705,100.546763,"No Bar Wine Bar, 128/10, Soi Phahon Yothin 2, Phaya Thai District, 10400, Thailand",,Geoapify+OSM,"https://www.google.com/maps/search/?api=1&query=13.7783705,100.546763"
Nuada,adult,13.6192855,100.622158,"Nuada, Srinagarindra Road, Bang Mueang Subdistrict Municipality, 10270, Thailand",,Geoapify,"https://www.google.com/maps/search/?api=1&query=13.6192855,100.622158"
Nunglen,nightclub,13.7315485,100.5864783,วัฒนา,,OSM,"https://www.google.com/maps/search/?api=1&query=13.7315485,100.5864783"
"O'Reilly's Irish Pub (soon to be Hooters, they're hiring)",catering,13.7286035,100.5340639,"O'Reilly's Irish Pub, Thaniya Road, Bang Rak District, 10500, Thailand",,Geoapify+OSM,"https://www.google.com/maps/search/?api=1&query=13.7286035,100.5340639"
Oasis,bar,13.7369586,100.562532,,,OSM,"https://www.google.com/maps/search/?api=1&query=13.7369586,100.562532"
Obsession,catering,13.7412721,100.5534866,"Obsession, Sukhumvit Road, Khlong Toei District, 10110, Thailand",,Geoapify+OSM,"https://www.google.com/maps/search/?api=1&query=13.7412721,100.5534866"
Ochaya,catering,13.82799,100.5674824,"Ochaya, Ratchadaphisek Road, Chatuchak District, 10900, Thailand",,Geoapify+OSM,"https://www.google.com/maps/search/?api=1&query=13.82799,100.5674824"
Octagon Bar,catering,13.7435304,100.5439474,"Octagon Bar, 540, Phloen Chit Road, Pathum Wan District, 10330, Thailand",,Geoapify+OSM,"https://www.google.com/maps/search/?api=1&query=13.7435304,100.5439474"
Octave Roof Top Bar,catering,13.7235507,100.5804596,"Octave Roof Top Bar, 2, Soi Sukhumvit 57, Vadhana District, 10110, Thailand",027970000,Geoapify+OSM,"https://www.google.com/maps/search/?api=1&query=13.7235507,100.5804596"
Old German Beer House,catering,13.7426673,100.5564262,"Old German Beer House, Soi Sukhumvit 11, Vadhana District, 10110, Thailand",,Geoapify+OSM,"https://www.google.com/maps/search/?api=1&query=13.7426673,100.5564262"
Old Other Office Bar,bar,13.7294824,100.5321267,37/9 ถนนพัฒน์พงศ์ 2 บางรัก,,OSM,"https://www.google.com/maps/search/?api=1&query=13.7294824,100.5321267"
Old Other Place,catering,13.7278198,100.5257441,"Old Other Place, Soi Anuman Rajdhon 1, Bang Rak District, 10500, Thailand",,Geoapify+OSM,"https://www.google.com/maps/search/?api=1&query=13.7278198,100.5257441"
Om’s Living Room,catering,13.723606,100.5253332,"Om’s Living Room, Soi Si Lom 11, Bang Rak District, 10500, Thailand",+66811720724,Geoapify+OSM,"https://www.google.com/maps/search/?api=1&query=13.723606,100.5253332"
On Top,catering,13.7582689,100.4979939,"On Top, Soi Damnoen Klang Nuea, Phra Nakhon District, 10200, Thailand",,Geoapify+OSM,"https://www.google.com/maps/search/?api=1&query=13.7582689,100.4979939"
onyx bangkok,catering,13.7523021,100.5748031,"onyx bangkok, Royal City Avenue, Huai Khwang District, 10310, Thailand",,Geoapify+OSM,"https://www.google.com/maps/search/?api=1&query=13.7523021,100.5748031"
Oops! Bar,building,13.7211035,100.7710737,"Oops! Bar, ซอยลาดกระบัง 42/4, Lat Krabang District, 10520, Thailand",,Geoapify+OSM,"https://www.google.com/maps/search/?api=1&query=13.7211035,100.7710737"
orange message,catering,13.7342318,100.5660935,"orange message, Soi Sukhumvit 31, Vadhana District, 10110, Thailand",,Geoapify+OSM,"https://www.google.com/maps/search/?api=1&query=13.7342318,100.5660935"
Otto Bar,catering,13.733538,100.5651024,"Otto Bar, Soi Sukhumvit 22, Khlong Toei District, 10110, Thailand",,Geoapify+OSM,"https://www.google.com/maps/search/?api=1&query=13.733538,100.5651024"
Outer Room,catering,13.7398952,100.5654595,"Outer Room, Soi 100 Pi Sayam Samakhom, Vadhana District, 10110, Thailand",,Geoapify+OSM,"https://www.google.com/maps/search/?api=1&query=13.7398952,100.5654595"
Oxa Pub & Restaurant,catering,13.7813968,100.5740279,"Oxa Pub & Restaurant, Ratchadaphisek Road, Din Daeng District, 10400, Thailand",,Geoapify+OSM,"https://www.google.com/maps/search/?api=1&query=13.7813968,100.5740279"
Oxxi's Bar,catering,13.759362,100.4960593,"Oxxi's Bar, Tom Yum Kung, Phra Nakhon District, 10200, Thailand",,Geoapify,"https://www.google.com/maps/search/?api=1&query=13.759362,100.4960593"
O’Glee,bar,13.7799569,100.5436448,,,OSM,"https://www.google.com/maps/search/?api=1&query=13.7799569,100.5436448"
P. Wisal,adult,13.6205935,100.6242052,"P. Wisal, Thanaphirom Soi 6 Road, Bang Mueang Subdistrict Municipality, Thepharak Subdistrict, 10270, Thailand",,Geoapify,"https://www.google.com/maps/search/?api=1&query=13.6205935,100.6242052"
PaK Soi Samakom,building,13.8224731,100.5965056,"PaK Soi Samakom, Chok Chai 4 Soi 78, Lat Phrao District, 10230, Thailand",,Geoapify+OSM,"https://www.google.com/maps/search/?api=1&query=13.8224731,100.5965056"
Pakalolo Cannabis Bar & Dispensary - Khaosan,bar,13.7620229,100.5015255,53 Phra Sumen Rd.,,OSM,"https://www.google.com/maps/search/?api=1&query=13.7620229,100.5015255"
Pakalolo Cannabis Bar & Dispensary - Sukhumvit 24,catering,13.7253836,100.5674636,"Pakalolo Cannabis Bar & Dispensary - Sukhumvit 24, 1F, Zone B, No. 49, Sahai Place, Soi Sukhumvit 24, Khlong Toei District, 10110, Thailand",093-754-9252,Geoapify+OSM,"https://www.google.com/maps/search/?api=1&query=13.7253836,100.5674636"
Pakalolo Cannabis Bar & Dispensary - Sukhumvit 39,catering,13.7365636,100.5733408,"Pakalolo Cannabis Bar & Dispensary - Sukhumvit 39, 5/9, Soi Phrom Si 1, Vadhana District, 10110, Thailand",,Geoapify+OSM,"https://www.google.com/maps/search/?api=1&query=13.7365636,100.5733408"
Pakalolo Cannabis Bar & Dispensary - Tha Maharaj,catering,13.7550812,100.4887364,"Pakalolo Cannabis Bar & Dispensary - Tha Maharaj, Unit E1-06, Tha Maharaj, Maha Rat Road, Phra Nakhon District, 10200, Thailand",,Geoapify+OSM,"https://www.google.com/maps/search/?api=1&query=13.7550812,100.4887364"
Pakalolo Cannabis Bar & Dispensary - Thong Lor,bar,13.7337116,100.5808919,261/2 ซอยทองหล่อ 13,,OSM,"https://www.google.com/maps/search/?api=1&query=13.7337116,100.5808919"
Palate Bar,catering,13.7191172,100.5154661,"Palate Bar, Charoen Krung Road, Bang Rak District, 10500, Thailand",,Geoapify+OSM,"https://www.google.com/maps/search/?api=1&query=13.7191172,100.5154661"
Palm @18,catering,13.7331614,100.5628593,"Palm @18, Soi Sukhumvit 18, Khlong Toei District, 10110, Thailand",081-989-4584,Geoapify+OSM,"https://www.google.com/maps/search/?api=1&query=13.7331614,100.5628593"
Paradise,catering,13.7444669,100.5567044,"Paradise, Soi Sukhumvit 11, Vadhana District, 10110, Thailand",,Geoapify+OSM,"https://www.google.com/maps/search/?api=1&query=13.7444669,100.5567044"
Paradox,building,13.7211813,100.7713498,"Paradox, ซอยลาดกระบัง 42/4, Lat Krabang District, 10520, Thailand",,Geoapify+OSM,"https://www.google.com/maps/search/?api=1&query=13.7211813,100.7713498"
Party House One,adult,13.7471404,100.5268854,"Party House One, 865, Rama I Road, Pathum Wan District, 10330, Thailand",,Geoapify+OSM,"https://www.google.com/maps/search/?api=1&query=13.7471404,100.5268854"
Patpong show,catering,13.729014,100.5259559,"Patpong show, Soi Santiphap, Bang Rak District, 10500, Thailand",,Geoapify+OSM,"https://www.google.com/maps/search/?api=1&query=13.729014,100.5259559"
Pegasus,adult,13.7375015,100.5647698,"Pegasus, Soi Sukhumvit 27, Vadhana District, 10110, Thailand",,Geoapify+OSM,"https://www.google.com/maps/search/?api=1&query=13.7375015,100.5647698"
Penny Black,catering,13.7369877,100.5616119,"Penny Black, Soi Cowboy, Vadhana District, 10110, Thailand",,Geoapify+OSM,"https://www.google.com/maps/search/?api=1&query=13.7369877,100.5616119"
Penquin Village chill bar,catering,13.7537304,100.5054154,"Penquin Village chill bar, Paribatra Road, Pom Prap Sattru Phai District, 10100, Thailand",,Geoapify+OSM,"https://www.google.com/maps/search/?api=1&query=13.7537304,100.5054154"
Philtration,catering,13.7492145,100.5273487,"Philtration, 2, Soi Kasem San 3, Pathum Wan District, 10330, Thailand",,Geoapify+OSM,"https://www.google.com/maps/search/?api=1&query=13.7492145,100.5273487"
Phra Nakorn Bar,catering,13.7567387,100.4980535,"Phra Nakorn Bar, Soi Damnoen Klang Tai, Phra Nakhon District, 10200, Thailand",,Geoapify+OSM,"https://www.google.com/maps/search/?api=1&query=13.7567387,100.4980535"
Pi Jiu Bar - craft beer,bar,13.7402679,100.5141163,,,OSM,"https://www.google.com/maps/search/?api=1&query=13.7402679,100.5141163"
Piano Forte,adult,13.7265841,100.5847099,"Piano Forte, Soi Sukhumvit 63, Vadhana District, 10110, Thailand",,Geoapify+OSM,"https://www.google.com/maps/search/?api=1&query=13.7265841,100.5847099"
Pick Me Up,catering,13.7322658,100.5822295,"Pick Me Up, Soi Thong Lo 10, Vadhana District, 10110, Thailand",,Geoapify+OSM,"https://www.google.com/maps/search/?api=1&query=13.7322658,100.5822295"
Pickled liver,catering,13.7415274,100.5557956,"Pickled liver, Soi Sukhumvit 7/1, Vadhana District, 10110, Thailand",,Geoapify+OSM,"https://www.google.com/maps/search/?api=1&query=13.7415274,100.5557956"
Pig Tales,catering,13.7411483,100.553383,"Pig Tales, Soi Sukhumvit 4, Khlong Toei District, 10330, Thailand",,Geoapify+OSM,"https://www.google.com/maps/search/?api=1&query=13.7411483,100.553383"
Ping Pong,catering,13.7286019,100.5262308,"Ping Pong, Soi Santiphap, Bang Rak District, 10500, Thailand",,Geoapify,"https://www.google.com/maps/search/?api=1&query=13.7286019,100.5262308"
Pink Panther,catering,13.7298751,100.5318428,"Pink Panther, Thanon Phat Phong 2, Bang Rak District, 10500, Thailand",,Geoapify+OSM,"https://www.google.com/maps/search/?api=1&query=13.7298751,100.5318428"
play yard,catering,13.8105337,100.5641563,"play yard, Soi Lat Phrao 8, Chatuchak District, 10900, Thailand",,Geoapify+OSM,"https://www.google.com/maps/search/?api=1&query=13.8105337,100.5641563"
Popcorn & Soft Drinks,catering,13.8285577,100.5685825,"Popcorn & Soft Drinks, 1839, Phahon Yothin Road, Chatuchak District, 10900, Thailand",,Geoapify+OSM,"https://www.google.com/maps/search/?api=1&query=13.8285577,100.5685825"
Popeye 2 bar,catering,13.7317837,100.5649935,"Popeye 2 bar, Soi Sukhumvit 22, Khlong Toei District, 10110, Thailand",,Geoapify+OSM,"https://www.google.com/maps/search/?api=1&query=13.7317837,100.5649935"
Prasuri,catering,13.7579942,100.5026364,"Prasuri, Soi Phra Suli, Phra Nakhon District, 10200, Thailand",,Geoapify+OSM,"https://www.google.com/maps/search/?api=1&query=13.7579942,100.5026364"
Pure,adult,13.7613828,100.568196,"Hollywood, Soi Ratchadaphisek 4, Huai Khwang District, 10310, Thailand",,Geoapify+OSM,"https://www.google.com/maps/search/?api=1&query=13.7613828,100.568196"
Q&A Bar,catering,13.7465178,100.5622657,"Q&A Bar, 235/13, Soi Rojana, Vadhana District, 10110, Thailand",,Geoapify+OSM,"https://www.google.com/maps/search/?api=1&query=13.7465178,100.5622657"
Q&A Bar,catering,13.7340915,100.5130578,"Q&A Bar, ตรอกชุมชนผู้ค้าอะไหล่เก่า, Samphanthawong District, 10100, Thailand",,Geoapify+OSM,"https://www.google.com/maps/search/?api=1&query=13.7340915,100.5130578"
Rabbit Hole,bar,13.7298981,100.5811206,,,OSM,"https://www.google.com/maps/search/?api=1&query=13.7298981,100.5811206"
Racing 76,catering,13.7345642,100.5824548,"Racing 76, Soi Sukhumvit 55, Vadhana District, 10110, Thailand",,Geoapify+OSM,"https://www.google.com/maps/search/?api=1&query=13.7345642,100.5824548"
Rainbow 2,bar,13.7412075,100.553479,,,OSM,"https://www.google.com/maps/search/?api=1&query=13.7412075,100.553479"
Rainbow 4,catering,13.7411672,100.5534464,"Rainbow 4, Soi Sukhumvit 4, Khlong Toei District, 10330, Thailand",,Geoapify+OSM,"https://www.google.com/maps/search/?api=1&query=13.7411672,100.5534464"
Rainbow 5,catering,13.7411758,100.5533969,"Rainbow 5, Soi Sukhumvit 4, Khlong Toei District, 10330, Thailand",,Geoapify+OSM,"https://www.google.com/maps/search/?api=1&query=13.7411758,100.5533969"
Rainbow Dragon Silom,catering,13.7286028,100.5322224,"Rainbow Dragon Silom, 5, Thanon Phat Phong 2, Bang Rak District, 10500, Thailand",,Geoapify+OSM,"https://www.google.com/maps/search/?api=1&query=13.7286028,100.5322224"
Rainbow1,catering,13.7411276,100.5534647,"Rainbow1, Soi Sukhumvit 4, Khlong Toei District, 10330, Thailand",,Geoapify+OSM,"https://www.google.com/maps/search/?api=1&query=13.7411276,100.5534647"
Rainbow3,catering,13.7414369,100.5534535,"Rainbow3, Sukhumvit Road, Khlong Toei District, 10110, Thailand",,Geoapify+OSM,"https://www.google.com/maps/search/?api=1&query=13.7414369,100.5534535"
Rainbow69,catering,13.7414616,100.5534343,"Rainbow69, Sukhumvit Road, Khlong Toei District, 10110, Thailand",,Geoapify+OSM,"https://www.google.com/maps/search/?api=1&query=13.7414616,100.5534343"
Raise Up Bar & Bistro,building,13.6519597,100.4858599,"Raise Up Bar & Bistro, Phutthabucha Road, Thung Khru, 10140, Thailand",,Geoapify+OSM,"https://www.google.com/maps/search/?api=1&query=13.6519597,100.4858599"
Random,catering,13.7415978,100.5531574,"Random, Soi Sukhumvit 4, Khlong Toei District, 10330, Thailand",,Geoapify+OSM,"https://www.google.com/maps/search/?api=1&query=13.7415978,100.5531574"
Random2,catering,13.7412187,100.553256,"Random2, Soi Sukhumvit 4, Khlong Toei District, 10330, Thailand",,Geoapify+OSM,"https://www.google.com/maps/search/?api=1&query=13.7412187,100.553256"
Ray Cocktail & Bite,catering,13.7079343,100.5073154,"Ray Cocktail & Bite, Soi Charoen Krung 72/1, Bang Kho Laem District, 10120, Thailand",,Geoapify+OSM,"https://www.google.com/maps/search/?api=1&query=13.7079343,100.5073154"
REC. Bangkok,catering,13.741068,100.548575,"REC. Bangkok, 63, Witthayu Road, Pathum Wan District, 10330, Thailand",,Geoapify+OSM,"https://www.google.com/maps/search/?api=1&query=13.741068,100.548575"
Red Deep,catering,13.7596928,100.4987104,"Red Deep, Ram Buttri Road, Phra Nakhon District, 10200, Thailand",,Geoapify+OSM,"https://www.google.com/maps/search/?api=1&query=13.7596928,100.4987104"
Red Dragon,catering,13.7412858,100.5531634,"Red Dragon, Soi Sukhumvit 4, Khlong Toei District, 10330, Thailand",,Geoapify+OSM,"https://www.google.com/maps/search/?api=1&query=13.7412858,100.5531634"
Red Hog Bar,building,13.7395997,100.5561318,"Red Hog Bar, 155/12, Soi Sukhumvit 8, Khlong Toei District, 10110, Thailand",+66 26260259,Geoapify+OSM,"https://www.google.com/maps/search/?api=1&query=13.7395997,100.5561318"
Red Moscow Club & Lounge,catering,13.740285,100.552791,"Red Moscow Club & Lounge, Maison Alley, Khlong Toei District, 10330, Thailand",,Geoapify+OSM,"https://www.google.com/maps/search/?api=1&query=13.740285,100.552791"
Red Sky,catering,13.7477105,100.5386241,"Red Sky Bar, 999/9, Ratchadamri Road, Pathum Wan District, 10330, Thailand",+66 2 100 6255,Geoapify+OSM,"https://www.google.com/maps/search/?api=1&query=13.7477105,100.5386241"
RedSquare Rooftop Bar,catering,13.7393961,100.5534391,"RedSquare Rooftop Bar, 27, Soi Sukhumvit 4, Khlong Toei District, 10330, Thailand",,Geoapify+OSM,"https://www.google.com/maps/search/?api=1&query=13.7393961,100.5534391"
Rest Hub Pub & Bar,building,13.7409369,100.5528906,"Rest Hub Pub & Bar, Soi Sukhumvit 4, Khlong Toei District, 10110, Thailand",,Geoapify+OSM,"https://www.google.com/maps/search/?api=1&query=13.7409369,100.5528906"
Revolucion Cocktailbar,catering,13.7223132,100.5274481,"Revolucion Cocktailbar, 10, Soi Sathon 10, Bang Rak District, 10500, Thailand",,Geoapify+OSM,"https://www.google.com/maps/search/?api=1&query=13.7223132,100.5274481"
Revolution Cocktail,catering,13.7229427,100.5193688,"Revolution Cocktail, 981, Si Lom Road, Bang Rak District, 10500, Thailand",,Geoapify+OSM,"https://www.google.com/maps/search/?api=1&query=13.7229427,100.5193688"
Riley Snooker,building,13.7336065,100.4991734,"Riley Snooker, Somdet Chao Phraya Road, Khlong San District, 10600, Thailand",,Geoapify+OSM,"https://www.google.com/maps/search/?api=1&query=13.7336065,100.4991734"
Rio,catering,13.7369063,100.5625984,"Rio, 4/24, Soi Cowboy, Vadhana District, 10110, Thailand",,Geoapify+OSM,"https://www.google.com/maps/search/?api=1&query=13.7369063,100.5625984"
River Club,adult,13.7010603,100.4956931,"River Club, Soi Charoen Krung 80, Bang Kho Laem District, 10120, Thailand",,Geoapify+OSM,"https://www.google.com/maps/search/?api=1&query=13.7010603,100.4956931"
Robin Hood,catering,13.7316933,100.5682679,"Robin Hood, Soi Sukhumvit 33/1, Vadhana District, 10110, Thailand",,Geoapify+OSM,"https://www.google.com/maps/search/?api=1&query=13.7316933,100.5682679"
Rocco Bar (1976),bar,13.7583302,100.4987979,279-281 ถนนข้าวสาร พระนคร,,OSM,"https://www.google.com/maps/search/?api=1&query=13.7583302,100.4987979"
Rocco Club,adult,13.7595459,100.495654,"Rocco Club, Khao San Road, Phra Nakhon District, 10200, Thailand",,Geoapify+OSM,"https://www.google.com/maps/search/?api=1&query=13.7595459,100.495654"
Rocco Station,bar,13.758929,100.4974748,พระนคร,,OSM,"https://www.google.com/maps/search/?api=1&query=13.758929,100.4974748"
Roma Karaoke,bar,13.7400457,100.558333,,,OSM,"https://www.google.com/maps/search/?api=1&query=13.7400457,100.558333"
Roman,adult,13.619405,100.6222841,"Roman, Srinagarindra Road, Bang Mueang Subdistrict Municipality, 10270, Thailand",,Geoapify,"https://www.google.com/maps/search/?api=1&query=13.619405,100.6222841"
Romane,catering,13.7321752,100.5824838,"Romane, Soi Thong Lo 10, Vadhana District, 10110, Thailand",,Geoapify+OSM,"https://www.google.com/maps/search/?api=1&query=13.7321752,100.5824838"
Roof 409 Bar & Bistro,catering,13.7436384,100.5439615,"Roof 409 Bar & Bistro, Lang Suan Road, Pathum Wan District, 10330, Thailand",,Geoapify+OSM,"https://www.google.com/maps/search/?api=1&query=13.7436384,100.5439615"
Rooftop Bar by Bang Flora,catering,13.7312316,100.5852755,"Rooftop Bar by Bang Flora, 113/3, Soi Thong Lo 10, Vadhana District, 10110, Thailand",,Geoapify+OSM,"https://www.google.com/maps/search/?api=1&query=13.7312316,100.5852755"
Route66 Club,nightclub,13.7513522,100.5754158,,,OSM,"https://www.google.com/maps/search/?api=1&query=13.7513522,100.5754158"
Royal Oak,bar,13.7323632,100.5684753,,,OSM,"https://www.google.com/maps/search/?api=1&query=13.7323632,100.5684753"
Ruby Blues,catering,13.7404888,100.5612869,"Ruby Blues, Soi Sukhumvit 21 Soi 1, Vadhana District, 10110, Thailand",,Geoapify+OSM,"https://www.google.com/maps/search/?api=1&query=13.7404888,100.5612869"
Rumours,catering,13.7389515,100.5560564,"Rumours, Soi Sukhumvit 8, Khlong Toei District, 10110, Thailand",,Geoapify+OSM,"https://www.google.com/maps/search/?api=1&query=13.7389515,100.5560564"
Runway Bar,catering,13.7891571,100.4708371,"Runway Bar, ถนนคู่ขนานทางพิเศษประจิมรัถยา, Bang Phlat District, 10700, Thailand",,Geoapify+OSM,"https://www.google.com/maps/search/?api=1&query=13.7891571,100.4708371"
S&P,bar,13.8284133,100.5686075,,,OSM,"https://www.google.com/maps/search/?api=1&query=13.8284133,100.5686075"
S64 Bar & Restaurant,catering,13.713058,100.7395756,"S64 Bar & Restaurant, Soi Kingkaew 64, Racha Thewa Subdistrict, 10520, Thailand",,Geoapify,"https://www.google.com/maps/search/?api=1&query=13.713058,100.7395756"
Sab Bar,catering,13.7337734,100.5811927,"Sab Bar, Soi Thong Lo 13, Vadhana District, 10110, Thailand",,Geoapify+OSM,"https://www.google.com/maps/search/?api=1&query=13.7337734,100.5811927"
Sabai Bar,catering,13.7589521,100.4977071,"Sabai Bar, Sunset Street, Phra Nakhon District, 10200, Thailand",,Geoapify+OSM,"https://www.google.com/maps/search/?api=1&query=13.7589521,100.4977071"
salad Ann,catering,13.7453568,100.4910016,"salad Ann, Soi Tha Tien, Phra Nakhon District, 10200, Thailand",,Geoapify+OSM,"https://www.google.com/maps/search/?api=1&query=13.7453568,100.4910016"
Salon du Japonisant by Bacchus,catering,13.7363154,100.5723408,"Salon du Japonisant by Bacchus, 36/5, Soi Sukhumvit 39, Vadhana District, 10110, Thailand",,Geoapify+OSM,"https://www.google.com/maps/search/?api=1&query=13.7363154,100.5723408"
Sam's,catering,13.7370589,100.5621815,"Sam's, 4/36, Soi Cowboy, Vadhana District, 10110, Thailand",,Geoapify+OSM,"https://www.google.com/maps/search/?api=1&query=13.7370589,100.5621815"
Samsara,pub,13.7357386,100.5102308,สัมพันธวงศ์,,OSM,"https://www.google.com/maps/search/?api=1&query=13.7357386,100.5102308"
Sanook,catering,13.7590623,100.497806,"Sanook, Sunset Street, Phra Nakhon District, 10200, Thailand",,Geoapify+OSM,"https://www.google.com/maps/search/?api=1&query=13.7590623,100.497806"
Sanook,adult,13.7484654,100.5781602,"Sanook, RCA Alley, Huai Khwang District, 10310, Thailand",,Geoapify+OSM,"https://www.google.com/maps/search/?api=1&query=13.7484654,100.5781602"
Saxophone Pub and Restaurant,building,13.7636293,100.5380821,"Saxophone Pub and Restaurant, 3/8, Soi Ratchawithi 11, Ratchathewi District, 10400, Thailand",022465472,Geoapify+OSM,"https://www.google.com/maps/search/?api=1&query=13.7636293,100.5380821"
Scarlett Wine Bar and Restaurant,catering,13.7260564,100.5258029,"Scarlett Wine Bar and Restaurant, 188, Decho Road, Bang Rak District, 10500, Thailand",,Geoapify+OSM,"https://www.google.com/maps/search/?api=1&query=13.7260564,100.5258029"
Schneider Haus,catering,13.7785431,100.5378795,"Schneider Haus, Soi Ari Samphan 4, Phaya Thai District, 10400, Thailand",,Geoapify+OSM,"https://www.google.com/maps/search/?api=1&query=13.7785431,100.5378795"
Scratch dog,nightclub,13.7332076,100.5634762,,,OSM,"https://www.google.com/maps/search/?api=1&query=13.7332076,100.5634762"
Scruffy Murphy's Irish Pub,catering,13.7373181,100.5629324,"Scruffy Murphy's Irish Pub, Soi Sukhumvit 23, Vadhana District, 10110, Thailand",,Geoapify+OSM,"https://www.google.com/maps/search/?api=1&query=13.7373181,100.5629324"
Seb's Bar A.R. Travel,catering,13.7643776,100.4996499,"Seb's Bar A.R. Travel, Sam Sen Road, Phra Nakhon District, 10200, Thailand",,Geoapify+OSM,"https://www.google.com/maps/search/?api=1&query=13.7643776,100.4996499"
Secret Bar @ Sathorn,catering,13.7201546,100.5481945,"Secret Bar @ Sathorn, 27/2;27/3, Soi Si Bamphen, Sathon District, 10120, Thailand",,Geoapify+OSM,"https://www.google.com/maps/search/?api=1&query=13.7201546,100.5481945"
Seralph,adult,13.6186781,100.6219693,"Seralph, ซอย หมู่บ้านศรีเพชรการคหะ, Bang Mueang Subdistrict Municipality, Bang Mueang Mai Subdistrict, 10270, Thailand",,Geoapify,"https://www.google.com/maps/search/?api=1&query=13.6186781,100.6219693"
Sewana Bar,catering,13.7210358,100.7761381,"Sewana Bar, Suvarnabhumi 4 Road, Lat Krabang District, 10520, Thailand",,Geoapify+OSM,"https://www.google.com/maps/search/?api=1&query=13.7210358,100.7761381"
Sexy Night,catering,13.7415196,100.5533193,"Sexy Night, Sukhumvit Road, Khlong Toei District, 10110, Thailand",,Geoapify+OSM,"https://www.google.com/maps/search/?api=1&query=13.7415196,100.5533193"
Shag Bar 2,catering,13.7341797,100.5634547,"Shag Bar 2, Sukhumvit Soi 20/1, Khlong Toei District, 10110, Thailand",,Geoapify+OSM,"https://www.google.com/maps/search/?api=1&query=13.7341797,100.5634547"
Shamrock,pub,13.7594128,100.4972967,,,OSM,"https://www.google.com/maps/search/?api=1&query=13.7594128,100.4972967"
Shark,catering,13.7379009,100.5622431,"Shark, Asok Montri Road, Vadhana District, 10110, Thailand",,Geoapify+OSM,"https://www.google.com/maps/search/?api=1&query=13.7379009,100.5622431"
She Bar,catering,13.7343762,100.5830879,"She Bar, Soi Thong Lo 16, Vadhana District, 10110, Thailand",,Geoapify+OSM,"https://www.google.com/maps/search/?api=1&query=13.7343762,100.5830879"
Shenanigans Irish Sportsbar,catering,13.7297312,100.5314828,"Shenanigans Irish Sportsbar, 18-19, Surawong Road, Bang Rak District, 10500, Thailand",,Geoapify+OSM,"https://www.google.com/maps/search/?api=1&query=13.7297312,100.5314828"
Sherbet,adult,13.7277864,100.5853342,"Sherbet, Soi Sukhumvit 63, Vadhana District, 10110, Thailand",,Geoapify+OSM,"https://www.google.com/maps/search/?api=1&query=13.7277864,100.5853342"
Shuushuu.hiddenplace,bar,13.7392753,100.5144638,80 ถนนไมตรีจิตต์,,OSM,"https://www.google.com/maps/search/?api=1&query=13.7392753,100.5144638"
Silk Bar,catering,13.7591942,100.4968826,"Silk Bar, Khao San Road, Phra Nakhon District, 10200, Thailand",,Geoapify,"https://www.google.com/maps/search/?api=1&query=13.7591942,100.4968826"
Silver Sand Silom,catering,13.7280301,100.5331325,"Silver Sand Silom, Convent Road, Bang Rak District, 10500, Thailand",,Geoapify+OSM,"https://www.google.com/maps/search/?api=1&query=13.7280301,100.5331325"
Sing Sing Theater,catering,13.7281338,100.5735064,"Sing Sing Theater, Soi Sukhumvit 45, Vadhana District, 10110, Thailand",,Geoapify+OSM,"https://www.google.com/maps/search/?api=1&query=13.7281338,100.5735064"
Singha,building,13.7469997,100.5275878,"Singha, Rama I Road, Pathum Wan District, 10330, Thailand",,Geoapify,"https://www.google.com/maps/search/?api=1&query=13.7469997,100.5275878"
Siwilai Sound Club,building,13.7245235,100.5160147,"Siwilai Sound Club, 18;20, Soi Charoen Krung 36, Bang Rak District, 10500, Thailand",,Geoapify+OSM,"https://www.google.com/maps/search/?api=1&query=13.7245235,100.5160147"
Skate Cafe,catering,13.751545,100.531985,"Skate Cafe - Couchsurfing meetup, Phaya Thai Road, Ratchathewi District, 10400, Thailand",,Geoapify+OSM,"https://www.google.com/maps/search/?api=1&query=13.751545,100.531985"
Sky Bar,catering,13.7212222,100.5170726,"Sky Bar, Si Wiang Road, Bang Rak District, 10500, Thailand",,Geoapify+OSM,"https://www.google.com/maps/search/?api=1&query=13.7212222,100.5170726"
Sky Train Jazz Bar,catering,13.7612517,100.5365117,"Sky Train Jazz Bar, Rang Nam Road, Ratchathewi District, 10400, Thailand",,Geoapify+OSM,"https://www.google.com/maps/search/?api=1&query=13.7612517,100.5365117"
SlamDunk,bar,13.8341839,100.6116286,,,OSM,"https://www.google.com/maps/search/?api=1&query=13.8341839,100.6116286"
Slim,adult,13.7521645,100.5748472,"Slim, Royal City Avenue, Huai Khwang District, 10310, Thailand",,Geoapify+OSM,"https://www.google.com/maps/search/?api=1&query=13.7521645,100.5748472"
Slim Pig,catering,13.7142371,100.5932335,"Slim Pig, Sukhumvit Road, Khlong Toei District, 12060, Thailand",,Geoapify+OSM,"https://www.google.com/maps/search/?api=1&query=13.7142371,100.5932335"
Slum Bar,catering,13.7168635,100.4502445,"Slum Bar, Phet Kasem Road, Phasi Charoen District, 10160, Thailand",,Geoapify+OSM,"https://www.google.com/maps/search/?api=1&query=13.7168635,100.4502445"
Smalls,building,13.7204451,100.5376879,"Smalls, 186/3;186/4, Suan Phlu Road, Sathon District, 10120, Thailand",,Geoapify+OSM,"https://www.google.com/maps/search/?api=1&query=13.7204451,100.5376879"
Snooze Coffee House,catering,13.7657613,100.500439,"Snooze Coffee House, 170, Sam Sen Road, Phra Nakhon District, 10200, Thailand",66982682940,Geoapify+OSM,"https://www.google.com/maps/search/?api=1&query=13.7657613,100.500439"
Snop,adult,13.7616041,100.567388,"Snop, Soi Ratchadaphisek 4, Huai Khwang District, 10310, Thailand",,Geoapify+OSM,"https://www.google.com/maps/search/?api=1&query=13.7616041,100.567388"
SNOP,catering,13.8205409,100.6333157,"SNOP, Khlong Lam Chiak Road, Bueng Kum District, 10240, Thailand",,Geoapify+OSM,"https://www.google.com/maps/search/?api=1&query=13.8205409,100.6333157"
Snow City,catering,13.9140311,100.5486282,"Snow City, Popular1 Road, Ban Mai Subdistrict, 11120, Thailand",,Geoapify,"https://www.google.com/maps/search/?api=1&query=13.9140311,100.5486282"
Society Music&Bar,building,13.7208504,100.7713447,"Society Music&Bar, ซอยลาดกระบัง 42/4, Lat Krabang District, 10520, Thailand",,Geoapify+OSM,"https://www.google.com/maps/search/?api=1&query=13.7208504,100.7713447"
Sodchuen Bar,bar,13.7997545,100.5515793,,,OSM,"https://www.google.com/maps/search/?api=1&query=13.7997545,100.5515793"
Sote,adult,13.7611324,100.5678521,"Sote, Soi Ratchadaphisek 4, Huai Khwang District, 10310, Thailand",,Geoapify+OSM,"https://www.google.com/maps/search/?api=1&query=13.7611324,100.5678521"
Soy Sauce Factory,catering,13.7315644,100.5147411,"Soy Sauce Factory, 11/1, Soi Charoen Krung 24, Samphanthawong District, 10100, Thailand",,Geoapify+OSM,"https://www.google.com/maps/search/?api=1&query=13.7315644,100.5147411"
Space Plus Bangkok,adult,13.7470983,100.5795711,"Space Plus Bangkok, 31/10, Royal City Avenue, Huai Khwang District, 10310, Thailand",,Geoapify+OSM,"https://www.google.com/maps/search/?api=1&query=13.7470983,100.5795711"
Spanky's,catering,13.7415818,100.5532027,"Spanky's, Soi Sukhumvit 4, Khlong Toei District, 10330, Thailand",,Geoapify+OSM,"https://www.google.com/maps/search/?api=1&query=13.7415818,100.5532027"
Speakeasy Rooftop Bar,catering,13.7403357,100.5433569,"Speakeasy Rooftop Bar, 55/5555, Lang Suan Road, Pathum Wan District, 10330, Thailand",,Geoapify+OSM,"https://www.google.com/maps/search/?api=1&query=13.7403357,100.5433569"
Speaker box,catering,13.7419237,100.5857401,"Speaker box, 1000 39, Soi Sukhumvit 55, Vadhana District, 10110, Thailand",,Geoapify+OSM,"https://www.google.com/maps/search/?api=1&query=13.7419237,100.5857401"
Spice Girl,catering,13.7369199,100.5622625,"Spice Girl, 4/15, Soi Cowboy, Vadhana District, 10110, Thailand",,Geoapify+OSM,"https://www.google.com/maps/search/?api=1&query=13.7369199,100.5622625"
Sport 20-2,catering,13.731789,100.5647862,"Sport 20-2, Soi Sukhumvit 22, Khlong Toei District, 10110, Thailand",,Geoapify+OSM,"https://www.google.com/maps/search/?api=1&query=13.731789,100.5647862"
SportsCorner Bangkok,catering,13.734018,100.5640336,"SportsCorner Bangkok, Soi Sukhumvit 20, Khlong Toei District, 10110, Thailand",,Geoapify+OSM,"https://www.google.com/maps/search/?api=1&query=13.734018,100.5640336"
Star of Light,catering,13.7291428,100.5320885,"Star of Light, Thanon Phat Phong 2, Bang Rak District, 10500, Thailand",,Geoapify+OSM,"https://www.google.com/maps/search/?api=1&query=13.7291428,100.5320885"
Stash Cannabis Rooftop Bar & Lounge,catering,13.7393614,100.5091112,"Stash Cannabis Rooftop Bar & Lounge, Trok Khao San, Samphanthawong District, 10100, Thailand",,Geoapify+OSM,"https://www.google.com/maps/search/?api=1&query=13.7393614,100.5091112"
Steve,catering,13.7632094,100.4999857,"Steve, Soi Samsen 2, Phra Nakhon District, 10200, Thailand",,Geoapify+OSM,"https://www.google.com/maps/search/?api=1&query=13.7632094,100.4999857"
Stonehenge Bangkok,catering,13.819097,100.5927358,"Stonehenge Bangkok, Soi Lat Phrao Wang Hin 48, Lat Phrao District, 10230, Thailand",,Geoapify+OSM,"https://www.google.com/maps/search/?api=1&query=13.819097,100.5927358"
Strikers Sport,pub,13.7416165,100.5525412,,,OSM,"https://www.google.com/maps/search/?api=1&query=13.7416165,100.5525412"
Strips,bar,13.7414843,100.5531667,,,OSM,"https://www.google.com/maps/search/?api=1&query=13.7414843,100.5531667"
Studio Lam,adult,13.7263038,100.5764776,"Studio Lam, Soi Sukhumvit 51, Vadhana District, 10110, Thailand",022616661,Geoapify+OSM,"https://www.google.com/maps/search/?api=1&query=13.7263038,100.5764776"
Stumble Inn,catering,13.7416368,100.5530378,"Stumble Inn, Soi Sukhumvit 4, Khlong Toei District, 10330, Thailand",,Geoapify+OSM,"https://www.google.com/maps/search/?api=1&query=13.7416368,100.5530378"
Sugar Club,adult,13.7430147,100.55645,"Sugar Club, Soi Sukhumvit 11, Vadhana District, 10110, Thailand",,Geoapify+OSM,"https://www.google.com/maps/search/?api=1&query=13.7430147,100.55645"
Sugar Ray,catering,13.7216242,100.5662167,"Sugar Ray, 88/2,88/9, Phlaphongphanich Road, Khlong Toei District, 10110, Thailand",094-417-9898,Geoapify+OSM,"https://www.google.com/maps/search/?api=1&query=13.7216242,100.5662167"
Sukanya bar,catering,13.8602693,100.5106823,"Sukanya bar, Rattanathibet Road, Nonthaburi City Municipality, Bang Kraso Subdistrict, 11000, Thailand",,Geoapify,"https://www.google.com/maps/search/?api=1&query=13.8602693,100.5106823"
Summer Smooth,catering,13.7366938,100.5618417,"Summer Smooth, Soi Cowboy, Vadhana District, 10110, Thailand",,Geoapify+OSM,"https://www.google.com/maps/search/?api=1&query=13.7366938,100.5618417"
Sundry,building,13.7263121,100.543551,"Sundry, Rama IV Road, Pathum Wan District, 10500, Thailand",,Geoapify+OSM,"https://www.google.com/maps/search/?api=1&query=13.7263121,100.543551"
Sunrise Tacos Mexican Grill 24 hours,catering,13.7283505,100.5328854,"Sunrise Tacos Mexican Grill 24 hours, Soi Si Lom 4, Bang Rak District, 10500, Thailand",,Geoapify+OSM,"https://www.google.com/maps/search/?api=1&query=13.7283505,100.5328854"
Sunset Bar,bar,13.7589146,100.4977691,,,OSM,"https://www.google.com/maps/search/?api=1&query=13.7589146,100.4977691"
sunset rooftop bar,catering,13.7616916,100.4975437,"sunset rooftop bar, Chakrabongse Road, Phra Nakhon District, 10200, Thailand",,Geoapify+OSM,"https://www.google.com/maps/search/?api=1&query=13.7616916,100.4975437"
Superflow Beach Club,adult,13.759069,100.4957861,"Superflow Beach Club, 9 Khao San, Khao San Road, Phra Nakhon District, 10200, Thailand",,Geoapify+OSM,"https://www.google.com/maps/search/?api=1&query=13.759069,100.4957861"
SUPERHIT,bar,13.8403278,100.5845061,Phasertmanukit2,,OSM,"https://www.google.com/maps/search/?api=1&query=13.8403278,100.5845061"
Suzie Wong,catering,13.7369169,100.5622998,"Suzie Wong, Soi Cowboy, Vadhana District, 10110, Thailand",,Geoapify+OSM,"https://www.google.com/maps/search/?api=1&query=13.7369169,100.5622998"
Swanclub,pub,13.7389789,100.5531238,31 ซอยสุขุมวิท 4 คลองเตย,,OSM,"https://www.google.com/maps/search/?api=1&query=13.7389789,100.5531238"
Swing Bar,catering,13.7524918,100.5021915,"Swing Bar, 88/4-5, Siriphong Road, Phra Nakhon District, 10200, Thailand",,Geoapify+OSM,"https://www.google.com/maps/search/?api=1&query=13.7524918,100.5021915"
SYNDICATE CLUB,bar,13.7315929,100.5871948,126/7 ซอยสุขุมวิท 63,+66801477719,OSM,"https://www.google.com/maps/search/?api=1&query=13.7315929,100.5871948"
T LOFT,catering,13.7399266,100.5406461,"T LOFT, 2/60, Soi Mahatlek Luang 2, Pathum Wan District, 10330, Thailand",+66 2 651 9590,Geoapify+OSM,"https://www.google.com/maps/search/?api=1&query=13.7399266,100.5406461"
T-Rex,catering,13.7334529,100.5827339,"T-Rex, Soi Thong Lo 14, Vadhana District, 10110, Thailand",,Geoapify+OSM,"https://www.google.com/maps/search/?api=1&query=13.7334529,100.5827339"
Tai Soon Bar,catering,13.7525704,100.5045093,"Taisoon Bar, Maha Chai Road, Phra Nakhon District, 10200, Thailand",,Geoapify+OSM,"https://www.google.com/maps/search/?api=1&query=13.7525704,100.5045093"
Tak Sura,catering,13.7562992,100.4985255,"Tak Sura, Tanao Road, Phra Nakhon District, 10200, Thailand",,Geoapify+OSM,"https://www.google.com/maps/search/?api=1&query=13.7562992,100.4985255"
Taksura,nightclub,13.7497591,100.5767892,,,OSM,"https://www.google.com/maps/search/?api=1&query=13.7497591,100.5767892"
tam-sa-bai,catering,13.7596041,100.4986279,"Noodle Soup, Ram Buttri Road, Phra Nakhon District, 10200, Thailand",,Geoapify+OSM,"https://www.google.com/maps/search/?api=1&query=13.7596041,100.4986279"
Taopiphop,catering,13.8609434,100.5093784,"craft beer and food.  cheers-like, Rattanathibet Road, Nonthaburi City Municipality, Bang Kraso Subdistrict, 11000, Thailand",,Geoapify,"https://www.google.com/maps/search/?api=1&query=13.8609434,100.5093784"
Taqueria Bar,catering,13.7304676,100.5627951,"Taqueria Bar, Soi Sukhumvit 18, Khlong Toei District, 10110, Thailand",,Geoapify+OSM,"https://www.google.com/maps/search/?api=1&query=13.7304676,100.5627951"
Taruto,catering,13.7285679,100.5354868,"Taruto, 191, Si Lom Road, Bang Rak District, 10500, Thailand",,Geoapify+OSM,"https://www.google.com/maps/search/?api=1&query=13.7285679,100.5354868"
TAX,bar,13.7397286,100.5147315,695-697 ถนนไมตรีจิตต์,,OSM,"https://www.google.com/maps/search/?api=1&query=13.7397286,100.5147315"
Telephone Bar,catering,13.7285689,100.5329463,"Telephone Bar, Soi Si Lom 4, Bang Rak District, 10500, Thailand",,Geoapify+OSM,"https://www.google.com/maps/search/?api=1&query=13.7285689,100.5329463"
Telephone Bar,bar,13.7317173,100.5305095,,,OSM,"https://www.google.com/maps/search/?api=1&query=13.7317173,100.5305095"
Telephone Pub,catering,13.7286197,100.5327679,"Telephone Pub, Soi Si Lom 4, Bang Rak District, 10500, Thailand",,Geoapify+OSM,"https://www.google.com/maps/search/?api=1&query=13.7286197,100.5327679"
tell me wine,catering,13.8341969,100.611827,"tell me wine, Soi Prasert Manukitch 27, Lat Phrao District, 10230, Thailand",+6629070502;+6629070503,Geoapify+OSM,"https://www.google.com/maps/search/?api=1&query=13.8341969,100.611827"
temps hazy hours,bar,13.7260034,100.5619142,227 Sukhumvit 20 Rd. คลองเตย,+66924596919,OSM,"https://www.google.com/maps/search/?api=1&query=13.7260034,100.5619142"
Tep bar,catering,13.7396043,100.5143618,"Tep bar, Trok Ram Maitri, Pom Prap Sattru Phai District, 10100, Thailand",,Geoapify+OSM,"https://www.google.com/maps/search/?api=1&query=13.7396043,100.5143618"
Thaiger Coffee and Bar,catering,13.7184962,100.5764865,"Thaiger Coffee and Bar, Soi Sukhumvit 36, Khlong Toei District, 10110, Thailand",,Geoapify+OSM,"https://www.google.com/maps/search/?api=1&query=13.7184962,100.5764865"
Thansamai room,catering,13.7415124,100.5138838,"Thansamai room, 511, Maitri Chit Road, Pom Prap Sattru Phai District, 10100, Thailand",,Geoapify+OSM,"https://www.google.com/maps/search/?api=1&query=13.7415124,100.5138838"
Thay,catering,13.7318273,100.5867595,"Thay, Soi Sukhumvit 63, Vadhana District, 10110, Thailand",,Geoapify+OSM,"https://www.google.com/maps/search/?api=1&query=13.7318273,100.5867595"
The Australian,building,13.7430362,100.5564339,"The Australian, Soi Sukhumvit 11, Vadhana District, 10110, Thailand",,Geoapify,"https://www.google.com/maps/search/?api=1&query=13.7430362,100.5564339"
The Balcony,catering,13.7286757,100.5328443,"The Balcony, Soi Si Lom 4, Bang Rak District, 10500, Thailand",,Geoapify+OSM,"https://www.google.com/maps/search/?api=1&query=13.7286757,100.5328443"
The Bamboo Bar,catering,13.7235648,100.51428,"The Bamboo Bar, 48, Bang Rak District, 10500, Thailand",,Geoapify+OSM,"https://www.google.com/maps/search/?api=1&query=13.7235648,100.51428"
The Bangkok Hangover,catering,13.7316663,100.5652189,"The Hangover Bangkok, Soi Sukhumvit 22, Khlong Toei District, 10110, Thailand",,Geoapify+OSM,"https://www.google.com/maps/search/?api=1&query=13.7316663,100.5652189"
The Bar Has No Name,catering,13.7637579,100.4991146,"The Bar Has No Name, 75-77, Soi Samsen 1, Phra Nakhon District, 10200, Thailand",,Geoapify+OSM,"https://www.google.com/maps/search/?api=1&query=13.7637579,100.4991146"
The Barbican,pub,13.7297191,100.5335367,,,OSM,"https://www.google.com/maps/search/?api=1&query=13.7297191,100.5335367"
The Big Board,catering,13.7240581,100.5285152,"The Big Board, Naradhiwas Rajanagarindra Road, Bang Rak District, 10500, Thailand",+66 81-234-8187,Geoapify+OSM,"https://www.google.com/maps/search/?api=1&query=13.7240581,100.5285152"
The Black Cabin,catering,13.711546,100.586304,"The Black Cabin, Soi Farm Watthana, Khlong Toei District, 12060, Thailand",,Geoapify+OSM,"https://www.google.com/maps/search/?api=1&query=13.711546,100.586304"
The Black Swan,bar,13.7392867,100.5600966,,,OSM,"https://www.google.com/maps/search/?api=1&query=13.7392867,100.5600966"
The Blarney Stone,building,13.740309,100.5531209,"The Blarney Stone, 21-21/1, Soi Sukhumvit 4, Khlong Toei District, 10110, Thailand",+66 2 003 9499,Geoapify+OSM,"https://www.google.com/maps/search/?api=1&query=13.740309,100.5531209"
The Bronx Bar and Cafe,catering,13.7394308,100.5581313,"The Bronx Bar and Cafe, 13, Soi Sukhumvit 15, Vadhana District, 10110, Thailand",,Geoapify+OSM,"https://www.google.com/maps/search/?api=1&query=13.7394308,100.5581313"
The Bucket2,bar,13.7590288,100.4973226,ถนนข้าวสาร พระนคร,,OSM,"https://www.google.com/maps/search/?api=1&query=13.7590288,100.4973226"
The Champagne Bar,bar,13.7427346,100.5411738,151 ถนนราชดำริ,+66 2 846 8851,OSM,"https://www.google.com/maps/search/?api=1&query=13.7427346,100.5411738"
The Clif,adult,13.7587356,100.4982549,"The Clif, Susie Walking Street, Phra Nakhon District, 10200, Thailand",,Geoapify,"https://www.google.com/maps/search/?api=1&query=13.7587356,100.4982549"
The Club,adult,13.7592367,100.4967955,"The Club, Khao San Road, Phra Nakhon District, 10200, Thailand",,Geoapify+OSM,"https://www.google.com/maps/search/?api=1&query=13.7592367,100.4967955"
The Club at Koi,adult,13.7222485,100.529507,"The Club at Koi, Naradhiwas Rajanagarindra Road, Bang Rak District, 10500, Thailand",,Geoapify+OSM,"https://www.google.com/maps/search/?api=1&query=13.7222485,100.529507"
The Clubhouse,catering,13.7384345,100.562864,"The Clubhouse, Soi Sukhumvit 23, Vadhana District, 10110, Thailand",+66 2 664 1376,Geoapify+OSM,"https://www.google.com/maps/search/?api=1&query=13.7384345,100.562864"
The Corner,bar,13.7370118,100.5616698,,,OSM,"https://www.google.com/maps/search/?api=1&query=13.7370118,100.5616698"
The Corner 79,catering,13.7067134,100.6011298,"The Corner 79, Sukhumvit Soi 79, Vadhana District, 12060, Thailand",,Geoapify+OSM,"https://www.google.com/maps/search/?api=1&query=13.7067134,100.6011298"
The Crimson,catering,13.7366586,100.5429643,"The Crimson, Lang Suan Road, Pathum Wan District, 10330, Thailand",,Geoapify+OSM,"https://www.google.com/maps/search/?api=1&query=13.7366586,100.5429643"
The Deck,catering,13.7448938,100.4912463,"The Deck, Tha Suphan, Phra Nakhon District, 10200, Thailand",,Geoapify+OSM,"https://www.google.com/maps/search/?api=1&query=13.7448938,100.4912463"
The Doll House,catering,13.737047,100.5623952,"The Dollhouse, 4/30, Soi Cowboy, Vadhana District, 10110, Thailand",,Geoapify+OSM,"https://www.google.com/maps/search/?api=1&query=13.737047,100.5623952"
The Exile,bar,13.7635543,100.4989631,,,OSM,"https://www.google.com/maps/search/?api=1&query=13.7635543,100.4989631"
The Game,catering,13.7405239,100.5557636,"The Game, Soi Sukhumvit 9, Vadhana District, 10110, Thailand",,Geoapify+OSM,"https://www.google.com/maps/search/?api=1&query=13.7405239,100.5557636"
The Golden Giraffe,catering,13.7449394,100.5562688,"The Golden Giraffe, 33/27, Soi Sukhumvit 11, Vadhana District, 10110, Thailand",,Geoapify+OSM,"https://www.google.com/maps/search/?api=1&query=13.7449394,100.5562688"
The Gru,catering,13.8217902,100.5213884,"The Gru, Wong Sawang Road, Bang Sue District, 10800, Thailand",,Geoapify+OSM,"https://www.google.com/maps/search/?api=1&query=13.8217902,100.5213884"
The Iron Fairies Music Bar Bangkok,catering,13.7368508,100.5715021,"The Iron Fairies Music Bar Bangkok, 53, 1-2, Soi Phrom Chit, Vadhana District, 10110, Thailand",,Geoapify+OSM,"https://www.google.com/maps/search/?api=1&query=13.7368508,100.5715021"
The key room No 72,catering,13.7835831,100.5440604,"The key room No 72, 19/2, Soi Ari 4 (Nua), Phaya Thai District, 10400, Thailand",,Geoapify+OSM,"https://www.google.com/maps/search/?api=1&query=13.7835831,100.5440604"
The Loft,catering,13.7426967,100.541234,"The Loft, 151, Ratchadamri Road, Pathum Wan District, 10330, Thailand",+66 2 846 8851,Geoapify+OSM,"https://www.google.com/maps/search/?api=1&query=13.7426967,100.541234"
The Lollipop 1,bar,13.7384769,100.5577371,,,OSM,"https://www.google.com/maps/search/?api=1&query=13.7384769,100.5577371"
The Lung Country Pub,catering,13.7193759,100.7761246,"The Lung Country Pub, Suvarnabhumi 4 Road, Lat Krabang District, 10520, Thailand",,Geoapify+OSM,"https://www.google.com/maps/search/?api=1&query=13.7193759,100.7761246"
The M Pub,catering,13.7208747,100.5282082,"The M Pub, Sathon Tai Road, Sathon District, 10120, Thailand",,Geoapify+OSM,"https://www.google.com/maps/search/?api=1&query=13.7208747,100.5282082"
The Ned Kelly Bar,catering,13.706118,100.5990066,"The Ned Kelly Bar, Soi Sukhumvit 50, Khlong Toei District, 12060, Thailand",,Geoapify+OSM,"https://www.google.com/maps/search/?api=1&query=13.706118,100.5990066"
The Nest,bar,13.7445515,100.5559684,,,OSM,"https://www.google.com/maps/search/?api=1&query=13.7445515,100.5559684"
The Oasis Soi Cowboy,catering,13.736926,100.5621899,"The Oasis Soi Cowboy, 4/13, Soi Cowboy, Vadhana District, 10110, Thailand",,Geoapify+OSM,"https://www.google.com/maps/search/?api=1&query=13.736926,100.5621899"
The Old English Pub,catering,13.7241391,100.5789168,"The Old English Pub, Sukhumvit Road, Khlong Toei District, 10110, Thailand",,Geoapify+OSM,"https://www.google.com/maps/search/?api=1&query=13.7241391,100.5789168"
The Old Pals,catering,13.9471801,100.4414552,"The Old Pals, 1/19, 345, Lam Pho Subdistrict, 11110, Thailand",,Geoapify,"https://www.google.com/maps/search/?api=1&query=13.9471801,100.4414552"
The Old Whiskey House,adult,13.7151447,100.7408172,"The Old Whiskey House, King Kaeo Road, Racha Thewa Subdistrict, 10520, Thailand",,Geoapify,"https://www.google.com/maps/search/?api=1&query=13.7151447,100.7408172"
The One by Renaissance,bar,13.7438935,100.5427441,,,OSM,"https://www.google.com/maps/search/?api=1&query=13.7438935,100.5427441"
The Paddy Field,catering,13.7285039,100.5323882,"The Paddy Field, Thanon Phat Phong 2, Bang Rak District, 10500, Thailand",,Geoapify+OSM,"https://www.google.com/maps/search/?api=1&query=13.7285039,100.5323882"
The Peak,catering,13.7215628,100.7746368,"The Peak, Lat Krabang Road, Lat Krabang District, 10520, Thailand",,Geoapify+OSM,"https://www.google.com/maps/search/?api=1&query=13.7215628,100.7746368"
The Penalty Spot,catering,13.7340328,100.5649188,"The Penalty Spot, Sukhumvit Road, Khlong Toei District, 10110, Thailand",,Geoapify+OSM,"https://www.google.com/maps/search/?api=1&query=13.7340328,100.5649188"
The Pickled Liver,catering,13.74155,100.5558579,"The Pickled Liver, Soi Sukhumvit 7/1, Vadhana District, 10110, Thailand",,Geoapify+OSM,"https://www.google.com/maps/search/?api=1&query=13.74155,100.5558579"
The Pimp Bangkok,catering,13.7678768,100.6011453,"The Pimp Bangkok, Soi Rojanamin, Wang Thonglang District, 10310, Thailand",+66873603666,Geoapify+OSM,"https://www.google.com/maps/search/?api=1&query=13.7678768,100.6011453"
The Pintsman,catering,13.7272756,100.5312665,"The Pintsman, Si Lom Road, Bang Rak District, 10500, Thailand",,Geoapify+OSM,"https://www.google.com/maps/search/?api=1&query=13.7272756,100.5312665"
The Play,catering,13.8395004,100.5742195,"The Play, Soi Amon Phan, Chatuchak District, 10900, Thailand",,Geoapify+OSM,"https://www.google.com/maps/search/?api=1&query=13.8395004,100.5742195"
The Players,catering,13.7370329,100.5599165,"The Players, Sukhumvit Road, Khlong Toei District, 10110, Thailand",,Geoapify+OSM,"https://www.google.com/maps/search/?api=1&query=13.7370329,100.5599165"
The Ramo Cat  - cat bar,bar,13.7776336,100.5102561,,,OSM,"https://www.google.com/maps/search/?api=1&query=13.7776336,100.5102561"
The Rice Paddy,catering,13.7223361,100.5522986,"The Rice Paddy, 1160/11, ซอยประกายแก้ว, Sathon District, 10120, Thailand",,Geoapify+OSM,"https://www.google.com/maps/search/?api=1&query=13.7223361,100.5522986"
The Riddler,catering,13.7405227,100.5495431,"The Riddler, Soi Ruam Rudi, Pathum Wan District, 10330, Thailand",,Geoapify+OSM,"https://www.google.com/maps/search/?api=1&query=13.7405227,100.5495431"
The Rock Pub,catering,13.7510722,100.5317067,"The Rock Pub, ซอยศรีสุรุต, Ratchathewi District, 10400, Thailand",,Geoapify+OSM,"https://www.google.com/maps/search/?api=1&query=13.7510722,100.5317067"
The Roof,catering,13.7475173,100.526935,"The Roof, 865, Rama I Road, Pathum Wan District, 10330, Thailand",,Geoapify+OSM,"https://www.google.com/maps/search/?api=1&query=13.7475173,100.526935"
The Sportsman Bar and Restaurant,bar,13.7414904,100.5576706,10/22 Soi Sukhumvit 13,,OSM,"https://www.google.com/maps/search/?api=1&query=13.7414904,100.5576706"
The Stranger Bar (House of Drag Queens),bar,13.7286872,100.5327305,,,OSM,"https://www.google.com/maps/search/?api=1&query=13.7286872,100.5327305"
The Strip,bar,13.7283349,100.5325454,,,OSM,"https://www.google.com/maps/search/?api=1&query=13.7283349,100.5325454"
The Tavern,building,13.740137,100.5531257,"The Tavern, 21/19, Soi Sukhumvit 4, Khlong Toei District, 10110, Thailand",,Geoapify+OSM,"https://www.google.com/maps/search/?api=1&query=13.740137,100.5531257"
The Terrace,catering,13.755432,100.6267101,"The Terrace, 286, Ramkhamhaeng Road, Bang Kapi District, 10240, Thailand",,Geoapify+OSM,"https://www.google.com/maps/search/?api=1&query=13.755432,100.6267101"
The Terrace,bar,13.7391896,100.5560783,,,OSM,"https://www.google.com/maps/search/?api=1&query=13.7391896,100.5560783"
The three musketbeers,catering,13.7507947,100.5118866,"The three musketbeers, Bamrung Mueang Road, Pom Prap Sattru Phai District, 10100, Thailand",,Geoapify+OSM,"https://www.google.com/maps/search/?api=1&query=13.7507947,100.5118866"
THEBENCLUB,catering,13.7530984,100.575712,"THEBENCLUB, 999, Chaturathit Road, Huai Khwang District, 10310, Thailand",0806087271,Geoapify+OSM,"https://www.google.com/maps/search/?api=1&query=13.7530984,100.575712"
There Bar,bar,13.7556669,100.5035456,196/3 ซอยดำเนินกลางใต้ พระนคร,,OSM,"https://www.google.com/maps/search/?api=1&query=13.7556669,100.5035456"
Thermae,catering,13.7389226,100.5579997,"Thermae, Sukhumvit Road, Khlong Toei District, 10110, Thailand",,Geoapify+OSM,"https://www.google.com/maps/search/?api=1&query=13.7389226,100.5579997"
Thon Buri Bar,catering,13.7628754,100.4974978,"Thon Buri Bar, Phra Sumen Road, Phra Nakhon District, 10200, Thailand",,Geoapify+OSM,"https://www.google.com/maps/search/?api=1&query=13.7628754,100.4974978"
Three Bar,catering,13.7200311,100.7761278,"Three Bar, Suvarnabhumi 4 Road, Lat Krabang District, 10520, Thailand",,Geoapify+OSM,"https://www.google.com/maps/search/?api=1&query=13.7200311,100.7761278"
Three Sixty Lounge,bar,13.7287786,100.5113027,,,OSM,"https://www.google.com/maps/search/?api=1&query=13.7287786,100.5113027"
throwback,catering,13.729458,100.5359204,"throwback, 2, Si Lom Road, Bang Rak District, 10500, Thailand",,Geoapify+OSM,"https://www.google.com/maps/search/?api=1&query=13.729458,100.5359204"
Tichuca Rooftop Bar,catering,13.7220802,100.5804417,"Tichuca Rooftop Bar, 8, Soi Sukhumvit 40, Khlong Toei District, 10110, Thailand",,Geoapify+OSM,"https://www.google.com/maps/search/?api=1&query=13.7220802,100.5804417"
Tictactoe Bangkok,adult,13.7321823,100.5660562,"Tictactoe Bangkok, 628, Sukhumvit Road, Khlong Toei District, 10110, Thailand",,Geoapify+OSM,"https://www.google.com/maps/search/?api=1&query=13.7321823,100.5660562"
Tiger,bar,13.7370633,100.5627188,,,OSM,"https://www.google.com/maps/search/?api=1&query=13.7370633,100.5627188"
Tilac bar,catering,13.7370748,100.5620421,"Tilac bar, Soi Cowboy, Vadhana District, 10110, Thailand",,Geoapify+OSM,"https://www.google.com/maps/search/?api=1&query=13.7370748,100.5620421"
Titanium Club & Ice Bar,catering,13.7329418,100.5650606,"Titanium Club & Ice Bar, Soi Sukhumvit 22, Khlong Toei District, 10110, Thailand",,Geoapify+OSM,"https://www.google.com/maps/search/?api=1&query=13.7329418,100.5650606"
To More,catering,13.7324897,100.5147939,"To More, 937, Charoen Krung Road, Samphanthawong District, 10100, Thailand",,Geoapify+OSM,"https://www.google.com/maps/search/?api=1&query=13.7324897,100.5147939"
Top G,bar,13.7293051,100.5357371,,,OSM,"https://www.google.com/maps/search/?api=1&query=13.7293051,100.5357371"
Top House BKK,adult,13.7291299,100.5352478,"Top House BKK, 12, Si Lom Road, Bang Rak District, 10500, Thailand",+66 95 536 6553,Geoapify+OSM,"https://www.google.com/maps/search/?api=1&query=13.7291299,100.5352478"
Top Knot,catering,13.7071869,100.50699,"Top Knot, 2074/99, Soi Charoen Krung 72/3, Bang Kho Laem District, 10120, Thailand",02-688-2596,Geoapify+OSM,"https://www.google.com/maps/search/?api=1&query=13.7071869,100.50699"
Top Secret,catering,13.734001,100.5635642,"Top Secret, Sukhumvit Soi 20/1, Khlong Toei District, 10110, Thailand",,Geoapify+OSM,"https://www.google.com/maps/search/?api=1&query=13.734001,100.5635642"
ToT,building,13.7398344,100.5139091,"ToT, 76, Soi Nana, Pom Prap Sattru Phai District, 10100, Thailand",,Geoapify+OSM,"https://www.google.com/maps/search/?api=1&query=13.7398344,100.5139091"
Toy Bar,catering,13.736945,100.561917,"Toy Bar, 4/6, Soi Cowboy, Vadhana District, 10110, Thailand",,Geoapify+OSM,"https://www.google.com/maps/search/?api=1&query=13.736945,100.561917"
Tribe Beach Club,adult,13.7310919,100.566718,"Tribe Beach Club, 628, Sukhumvit Road, Khlong Toei District, 10110, Thailand",,Geoapify+OSM,"https://www.google.com/maps/search/?api=1&query=13.7310919,100.566718"
Tribeca,bar,13.734141,100.5797375,,,OSM,"https://www.google.com/maps/search/?api=1&query=13.734141,100.5797375"
Tripper,catering,13.7359702,100.5135039,"Tripper, 798/3, Charoen Krung Road, Samphanthawong District, 10100, Thailand",+6664 179 1904,Geoapify+OSM,"https://www.google.com/maps/search/?api=1&query=13.7359702,100.5135039"
Tropic City,bar,13.7307613,100.5153761,,,OSM,"https://www.google.com/maps/search/?api=1&query=13.7307613,100.5153761"
Tropical Galaxy,catering,13.7591315,100.4959219,"Tropical Galaxy, Tom Yum Kung, Phra Nakhon District, 10200, Thailand",,Geoapify+OSM,"https://www.google.com/maps/search/?api=1&query=13.7591315,100.4959219"
Tuba,bar,13.7383421,100.5886342,,,OSM,"https://www.google.com/maps/search/?api=1&query=13.7383421,100.5886342"
TUFF Bar,bar,13.7302447,100.5339361,,,OSM,"https://www.google.com/maps/search/?api=1&query=13.7302447,100.5339361"
Twister,catering,13.7415486,100.5533,"Twister, Sukhumvit Road, Khlong Toei District, 10110, Thailand",,Geoapify+OSM,"https://www.google.com/maps/search/?api=1&query=13.7415486,100.5533"
Twister Rock'n Roll,catering,13.7414714,100.553439,"Twister Rock'n Roll, Sukhumvit Road, Khlong Toei District, 10110, Thailand",,Geoapify+OSM,"https://www.google.com/maps/search/?api=1&query=13.7414714,100.553439"
Two Palms Taproom,catering,13.7574204,100.5048668,"Two Palms Taproom, 591, Phra Sumen Road, Phra Nakhon District, 10200, Thailand",,Geoapify+OSM,"https://www.google.com/maps/search/?api=1&query=13.7574204,100.5048668"
Tychoon,catering,13.7415854,100.5531688,"Tychoon, Soi Sukhumvit 4, Khlong Toei District, 10330, Thailand",,Geoapify+OSM,"https://www.google.com/maps/search/?api=1&query=13.7415854,100.5531688"
TYME Rooftop,bar,13.7450773,100.491054,FL5 INN A DAY ท่าสุพรรณ พระนคร,,OSM,"https://www.google.com/maps/search/?api=1&query=13.7450773,100.491054"
U Bar,catering,13.6848665,100.5004267,"U Bar, Soi Rat Burana 17, Rat Burana District, 10140, Thailand",,Geoapify+OSM,"https://www.google.com/maps/search/?api=1&query=13.6848665,100.5004267"
Underground Bar & Cafe,catering,13.7326473,100.5649558,"Underground Bar & Cafe, Soi Sukhumvit 22, Khlong Toei District, 10110, Thailand",,Geoapify+OSM,"https://www.google.com/maps/search/?api=1&query=13.7326473,100.5649558"
Unfake Club & Restuarant,catering,13.7178655,100.4530914,"Unfake Club & Restuarant, Phet Kasem Road, Phasi Charoen District, 10160, Thailand",,Geoapify+OSM,"https://www.google.com/maps/search/?api=1&query=13.7178655,100.4530914"
Urbar,building,13.7584813,100.497858,"Urbar, Khao San Road, Phra Nakhon District, 10200, Thailand",,Geoapify+OSM,"https://www.google.com/maps/search/?api=1&query=13.7584813,100.497858"
Utata,catering,13.7292254,100.5726343,"Utata, Soi Sukhumvit 41, Vadhana District, 10110, Thailand",,Geoapify+OSM,"https://www.google.com/maps/search/?api=1&query=13.7292254,100.5726343"
Utopia Massage,adult,13.7546035,100.5666748,"Utopia Massage, Soi Rama IX Soi 2, Huai Khwang District, 10310, Thailand",,Geoapify+OSM,"https://www.google.com/maps/search/?api=1&query=13.7546035,100.5666748"
V Space 55 Lounge,building,13.7767328,100.5594673,"V Space 55 Lounge, Soi Vibhavadi Rangsit 2 Yaek 4-1, Din Daeng District, 10400, Thailand",,Geoapify+OSM,"https://www.google.com/maps/search/?api=1&query=13.7767328,100.5594673"
Vari massaggi,catering,13.733679,100.5672733,"Vari massaggi, Soi Sukhumvit 33, Vadhana District, 10110, Thailand",,Geoapify+OSM,"https://www.google.com/maps/search/?api=1&query=13.733679,100.5672733"
Very Nice Bar,building,13.7358592,100.5138366,"Very Nice Bar, 763, Charoen Krung Road, Samphanthawong District, 10100, Thailand",,Geoapify+OSM,"https://www.google.com/maps/search/?api=1&query=13.7358592,100.5138366"
Vesper,catering,13.7270401,100.5334436,"Vesper, 10/15, Convent Road, Bang Rak District, 10500, Thailand",+66 (0) 2 235 2777,Geoapify+OSM,"https://www.google.com/maps/search/?api=1&query=13.7270401,100.5334436"
Vessel by The Barrel,catering,13.7268659,100.5457485,"Vessel by The Barrel, One Bangkok Boulevard, Pathum Wan District, 10330, Thailand",,Geoapify+OSM,"https://www.google.com/maps/search/?api=1&query=13.7268659,100.5457485"
victory secret,catering,13.7589219,100.5860905,"victory secret , Rama IX Road, Huai Khwang District, 10310, Thailand",+6623188370-3,Geoapify+OSM,"https://www.google.com/maps/search/?api=1&query=13.7589219,100.5860905"
Viva,catering,13.7395388,100.5559624,"Viva, Soi Sukhumvit 8, Khlong Toei District, 10110, Thailand",,Geoapify+OSM,"https://www.google.com/maps/search/?api=1&query=13.7395388,100.5559624"
VW Bus Cocktail Bar,catering,13.7672663,100.5683456,"VW Bus Cocktail Bar, ทางหลัก, Din Daeng District, 10400, Thailand",,Geoapify+OSM,"https://www.google.com/maps/search/?api=1&query=13.7672663,100.5683456"
Waft Me,catering,13.8281882,100.5686907,"Waft Me, Phahon Yothin Road, Chatuchak District, 10900, Thailand",,Geoapify+OSM,"https://www.google.com/maps/search/?api=1&query=13.8281882,100.5686907"
Wakanda,bar,13.7587356,100.4982549,,,OSM,"https://www.google.com/maps/search/?api=1&query=13.7587356,100.4982549"
Wanderlust Rooftop Bar & Restaurant,catering,13.7338656,100.579852,"Wanderlust Rooftop Bar & Restaurant, Soi Sukhumvit 49/4, Vadhana District, 10110, Thailand",,Geoapify+OSM,"https://www.google.com/maps/search/?api=1&query=13.7338656,100.579852"
Warehouse Bar by Jaang Craft Beer,catering,13.7327782,100.5500897,"Warehouse Bar by Jaang Craft Beer, Soi Polo 6, Pathum Wan District, 10330, Thailand",+66 89 666 7765,Geoapify+OSM,"https://www.google.com/maps/search/?api=1&query=13.7327782,100.5500897"
Warm Kro,catering,13.7337405,100.449446,"Warm Kro, 304, Ratchaphruek Road, Phasi Charoen District, 10160, Thailand",,Geoapify+OSM,"https://www.google.com/maps/search/?api=1&query=13.7337405,100.449446"
We Didn't Land on the Moon,building,13.7374847,100.5110024,"We Didn't Land on the Moon, 2/7, Soi Khlongthom Pathum Khongkha, Samphanthawong District, 10100, Thailand",,Geoapify+OSM,"https://www.google.com/maps/search/?api=1&query=13.7374847,100.5110024"
We For You @7,catering,13.7415619,100.5549225,"We For You @7, Soi Sukhumvit 7, Vadhana District, 10110, Thailand",,Geoapify+OSM,"https://www.google.com/maps/search/?api=1&query=13.7415619,100.5549225"
where do we go,bar,13.8246544,100.592916,,,OSM,"https://www.google.com/maps/search/?api=1&query=13.8246544,100.592916"
Whisky,catering,13.7416411,100.5531494,"Whisky, Soi Sukhumvit 4, Khlong Toei District, 10330, Thailand",,Geoapify+OSM,"https://www.google.com/maps/search/?api=1&query=13.7416411,100.5531494"
white space,building,13.7377966,100.4954217,"white space, Thetsaban Sai 1 Road, Thon Buri District, 10600, Thailand",,Geoapify+OSM,"https://www.google.com/maps/search/?api=1&query=13.7377966,100.4954217"
Whiteline,catering,13.7274342,100.5308638,"Whiteline, Soi Si Lom 6, Bang Rak District, 10500, Thailand",,Geoapify+OSM,"https://www.google.com/maps/search/?api=1&query=13.7274342,100.5308638"
WHITENOISE,bar,13.7334301,100.5814596,"Seenspace Thonglor 13, 2nd Floor, 251/1 ซอยทองหล่อ 13",,OSM,"https://www.google.com/maps/search/?api=1&query=13.7334301,100.5814596"
Widdershins,catering,13.7402176,100.5098093,"Widdershins, Yaowarat Road, Samphanthawong District, 10100, Thailand",,Geoapify+OSM,"https://www.google.com/maps/search/?api=1&query=13.7402176,100.5098093"
Wine Collection,bar,13.7308883,100.5816227,,,OSM,"https://www.google.com/maps/search/?api=1&query=13.7308883,100.5816227"
Wine connection,catering,13.7359956,100.5668493,"Wine connection, Soi Sukhumvit 31, Vadhana District, 10110, Thailand",,Geoapify+OSM,"https://www.google.com/maps/search/?api=1&query=13.7359956,100.5668493"
Wine Loft,catering,13.7419919,100.5436886,"Wine Loft, Soi Langsuan, Pathum Wan District, 10330, Thailand",+6626521965,Geoapify+OSM,"https://www.google.com/maps/search/?api=1&query=13.7419919,100.5436886"
Wine Republic,catering,13.7324895,100.5822447,"Wine Republic, Soi Thong Lo 10, Vadhana District, 10110, Thailand",,Geoapify+OSM,"https://www.google.com/maps/search/?api=1&query=13.7324895,100.5822447"
Wisgars,catering,13.7382772,100.5631365,"Wisgars, Soi Sukhumvit 23, Vadhana District, 10110, Thailand",,Geoapify+OSM,"https://www.google.com/maps/search/?api=1&query=13.7382772,100.5631365"
Wishbeer,catering,13.7166062,100.5898833,"Wishbeer, 1491, Soi Sukhumvit 67, Vadhana District, 10110, Thailand",02 392 1403,Geoapify+OSM,"https://www.google.com/maps/search/?api=1&query=13.7166062,100.5898833"
Witch Craft,catering,13.7412164,100.5531976,"Witch Craft, Soi Sukhumvit 4, Khlong Toei District, 10330, Thailand",,Geoapify+OSM,"https://www.google.com/maps/search/?api=1&query=13.7412164,100.5531976"
Witch's Tavern,catering,13.7399556,100.5490238,"Witch's Tavern, Soi Witthayu 1, Pathum Wan District, 10330, Thailand",,Geoapify+OSM,"https://www.google.com/maps/search/?api=1&query=13.7399556,100.5490238"
Wonderland,catering,13.7412011,100.5533157,"Wonderland, Soi Sukhumvit 4, Khlong Toei District, 10330, Thailand",,Geoapify+OSM,"https://www.google.com/maps/search/?api=1&query=13.7412011,100.5533157"
Wong's place,catering,13.7213401,100.5468426,"Wong's Place, 37/34, Soi Si Bamphen, Sathon District, 10120, Thailand",+66819010235,Geoapify+OSM,"https://www.google.com/maps/search/?api=1&query=13.7213401,100.5468426"
Woodball,catering,13.7279272,100.5304878,"Woodball, 130/3, Soi Si Lom 8, Bang Rak District, 10500, Thailand",,Geoapify+OSM,"https://www.google.com/maps/search/?api=1&query=13.7279272,100.5304878"
Woodstock,bar,13.7339612,100.5798609,,,OSM,"https://www.google.com/maps/search/?api=1&query=13.7339612,100.5798609"
Woody,adult,13.7517508,100.5754595,"Woody, Royal City Avenue, Huai Khwang District, 10310, Thailand",,Geoapify+OSM,"https://www.google.com/maps/search/?api=1&query=13.7517508,100.5754595"
wxyz,catering,13.7443233,100.5564845,"wxyz, 35, Soi Sukhumvit 11, Vadhana District, 10110, Thailand",,Geoapify+OSM,"https://www.google.com/maps/search/?api=1&query=13.7443233,100.5564845"
Ximbangkok,bar,13.7321002,100.5760809,49 ซอยสุขุมวิท 49 วัฒนา,,OSM,"https://www.google.com/maps/search/?api=1&query=13.7321002,100.5760809"
XYZ Ekkamai,catering,13.7293617,100.586763,"XYZ Ekkamai, 3, Soi Ekkamai 10, Vadhana District, 10110, Thailand",,Geoapify+OSM,"https://www.google.com/maps/search/?api=1&query=13.7293617,100.586763"
yauwara,catering,13.7392967,100.5137509,"yauwara, Rama IV Road, Samphanthawong District, 10100, Thailand",,Geoapify+OSM,"https://www.google.com/maps/search/?api=1&query=13.7392967,100.5137509"
Yello,adult,13.7326531,100.5852642,"Yello, Soi Ekkamai 7, Vadhana District, 10110, Thailand",,Geoapify+OSM,"https://www.google.com/maps/search/?api=1&query=13.7326531,100.5852642"
Yellow Cloud Craft Beer & Bottle Shop,catering,13.7320266,100.514975,"Yellow Cloud Craft Beer & Bottle Shop, Charoen Krung Road, Samphanthawong District, 10100, Thailand",,Geoapify+OSM,"https://www.google.com/maps/search/?api=1&query=13.7320266,100.514975"
Yes!! R&B Karaoke,building,13.732546,100.585747,"Yes!! R&B Karaoke, Soi Ekkamai 7, Vadhana District, 10110, Thailand",,Geoapify+OSM,"https://www.google.com/maps/search/?api=1&query=13.732546,100.585747"
You32,catering,13.6781968,100.6248024,"You32, Udom Suk Road, Bang Na District, 10260, Thailand",,Geoapify+OSM,"https://www.google.com/maps/search/?api=1&query=13.6781968,100.6248024"
Your Steak,catering,13.751574,100.531808,"Your Steak, Phaya Thai Road, Ratchathewi District, 10400, Thailand",,Geoapify+OSM,"https://www.google.com/maps/search/?api=1&query=13.751574,100.531808"
Zak's Wine Pub,pub,13.7428988,100.5562858,วัฒนา,,OSM,"https://www.google.com/maps/search/?api=1&query=13.7428988,100.5562858"
Zaleng,adult,13.7614256,100.5688271,"Zaleng, Soi Ratchadaphisek 4, Huai Khwang District, 10310, Thailand",,Geoapify,"https://www.google.com/maps/search/?api=1&query=13.7614256,100.5688271"
Zanzibar,catering,13.7409373,100.5562383,"Zanzibar, Soi Sukhumvit 11, Vadhana District, 10110, Thailand",,Geoapify+OSM,"https://www.google.com/maps/search/?api=1&query=13.7409373,100.5562383"
Zest Bar & Terrace,catering,13.7379818,100.5595391,"Zest Bar & Terrace, 259, Sukhumvit Road, Khlong Toei District, 10110, Thailand",+6622078000,Geoapify+OSM,"https://www.google.com/maps/search/?api=1&query=13.7379818,100.5595391"
Zeta,adult,13.7488651,100.5776671,"Zeta, RCA Alley, Huai Khwang District, 10310, Thailand",,Geoapify+OSM,"https://www.google.com/maps/search/?api=1&query=13.7488651,100.5776671"
Zoo bar,catering,13.7604849,100.5030547,"Zoo bar, 19, Prachathipatai Road, Phra Nakhon District, 10200, Thailand",+6626293376,Geoapify+OSM,"https://www.google.com/maps/search/?api=1&query=13.7604849,100.5030547"
Zookzorn,catering,13.6376339,100.5982619,"Zookzorn, Soi Teng Heng Yu 1, Samrong Nuea Subdistrict Municipality, Thepharak Subdistrict, 10270, Thailand",,Geoapify,"https://www.google.com/maps/search/?api=1&query=13.6376339,100.5982619"
Zoom Skybar & Restaurant,catering,13.7162991,100.5315882,"Zoom Skybar & Restaurant, Soi Naradhiwas Rajanagarindra 8/1, Sathon District, 10120, Thailand",,Geoapify+OSM,"https://www.google.com/maps/search/?api=1&query=13.7162991,100.5315882"
กินเล่นเล่น คราฟเบีนร์ แอนด์ ค็อกเทล,catering,13.777921,100.4875574,"Kin Len Len Craftbeer & Cocktail, 40/2, Soi Charan Sanit Wong 44, Bang Phlat District, 10700, Thailand",+66 96 241 1973,Geoapify+OSM,"https://www.google.com/maps/search/?api=1&query=13.777921,100.4875574"
คอกวัว,building,13.7581916,100.4984835,"Khok Wua, Khao San Road, Phra Nakhon District, 10200, Thailand",,Geoapify+OSM,"https://www.google.com/maps/search/?api=1&query=13.7581916,100.4984835"
จินนี่คาราโอเกะ,catering,13.8569558,100.6475679,"จินนี่คาราโอเกะ, Soi Ram Inthra 65 Yaek 21, Bang Khen District, 10220, Thailand",,Geoapify+OSM,"https://www.google.com/maps/search/?api=1&query=13.8569558,100.6475679"
ฉัน,catering,13.7218402,100.5829503,"Chun, 1221/25, Soi Sukhumvit 61, Vadhana District, 10110, Thailand",,Geoapify+OSM,"https://www.google.com/maps/search/?api=1&query=13.7218402,100.5829503"
ฉุยแฉก,building,13.7230312,100.5204962,"Chui Chaek, 2/7;2/8, Soi Si Lom 19, Bang Rak District, 10500, Thailand",+66 95 994 9191,Geoapify+OSM,"https://www.google.com/maps/search/?api=1&query=13.7230312,100.5204962"
ชมรมมหาวิทยาลัย-ชาวบ้าน,catering,13.8479972,100.5671496,"ชมรมมหาวิทยาลัย-ชาวบ้าน, 50, Ngam Wong Wan Road, Chatuchak District, 10900, Thailand",,Geoapify+OSM,"https://www.google.com/maps/search/?api=1&query=13.8479972,100.5671496"
ชาติ,bar,13.7592141,100.4963551,58 ถนนข้าวสาร พระนคร,,OSM,"https://www.google.com/maps/search/?api=1&query=13.7592141,100.4963551"
ซุปเปอร์ เอ,catering,13.7283585,100.5298016,"Super A, Soi Sunflower Place, Bang Rak District, 10500, Thailand",,Geoapify+OSM,"https://www.google.com/maps/search/?api=1&query=13.7283585,100.5298016"
ซุ้มมือปืน thlgun,catering,13.8025014,100.5980052,"ซุ้มมือปืน thlgun, 4, Lat Phrao District, 10230, Thailand",,Geoapify+OSM,"https://www.google.com/maps/search/?api=1&query=13.8025014,100.5980052"
ตลิ่งบาร์,catering,13.7546204,100.4865393,"Taling Bar, ซอยบ้านวังหลัง, Bangkok Noi District, 10700, Thailand",,Geoapify+OSM,"https://www.google.com/maps/search/?api=1&query=13.7546204,100.4865393"
ติวานนท์ คาราโอเกะ,catering,13.8744711,100.5160029,"ติวานนท์ คาราโอเกะ, Soi Tiwanon 29, Nonthaburi City Municipality, Bang Kraso Subdistrict, 11000, Thailand",,Geoapify,"https://www.google.com/maps/search/?api=1&query=13.8744711,100.5160029"
ที่ที่มีปันกับฟ้า,catering,13.873835,100.5261327,"ที่ที่มีปันกับฟ้า, ซอยทานสัมฤทธิ์ 21/3, Nonthaburi City Municipality, Tha Sai Subdistrict, 11000, Thailand",,Geoapify,"https://www.google.com/maps/search/?api=1&query=13.873835,100.5261327"
นั่งชิว กินเล่น,catering,13.7321856,100.7158687,"นั่งชิว กินเล่น, ซอยตลาดนัดปากซอย, Lat Krabang District, 10520, Thailand",,Geoapify+OSM,"https://www.google.com/maps/search/?api=1&query=13.7321856,100.7158687"
น้ำแดง Pub & Restaurant,catering,13.7805916,100.4292015,"น้ำแดง Pub & Restaurant, Borommaratchachonnani Road (frontage), Taling Chan District, 10170, Thailand",,Geoapify+OSM,"https://www.google.com/maps/search/?api=1&query=13.7805916,100.4292015"
บริษัท ยูนิเวอร์แซล,catering,13.5421729,100.7859896,"บริษัท ยูนิเวอร์แซล, Kheha Bang Phli Road, Bang Phriang Subdistrict, 10560, Thailand",,Geoapify,"https://www.google.com/maps/search/?api=1&query=13.5421729,100.7859896"
บานชื่นรื่นอารมณ์,catering,13.7888497,100.5953667,"บานชื่นรื่นอารมณ์, Soi Lat Phrao 64 Yaek 4, Wang Thonglang District, 10310, Thailand",,Geoapify+OSM,"https://www.google.com/maps/search/?api=1&query=13.7888497,100.5953667"
บาร์,catering,13.7165133,100.6538421,"บาร์, On Nut Road, Prawet District, 10250, Thailand",,Geoapify+OSM,"https://www.google.com/maps/search/?api=1&query=13.7165133,100.6538421"
บ้านกบ,adult,13.6981663,100.403242,"Kob's home, Soi Mu Ban Suksan 6, Bang Khae District, 10160, Thailand",,Geoapify+OSM,"https://www.google.com/maps/search/?api=1&query=13.6981663,100.403242"
บ้านสวน แสงจันทร์,adult,13.7212498,100.7395841,"Ban Suan Sangjan Nightclub, Soi Lat Krabang 30/4, Lat Krabang District, 10520, Thailand",,Geoapify+OSM,"https://www.google.com/maps/search/?api=1&query=13.7212498,100.7395841"
บ้านเพื่อน รัชโยธิน,building,13.8277398,100.5687776,"Banpuen Ratchayo, 1436/16, Phahon Yothin Road, Chatuchak District, 10900, Thailand",,Geoapify+OSM,"https://www.google.com/maps/search/?api=1&query=13.8277398,100.5687776"
ปาร์ตี้แคมป์ Picnic park phraeksa,catering,13.5646051,100.6415151,"ปาร์ตี้แคมป์ Picnic park phraeksa, 135, Phraeksa Soi 10, Bhakasa Industrial Estate, 10280, Thailand",,Geoapify,"https://www.google.com/maps/search/?api=1&query=13.5646051,100.6415151"
ปาเต๊ะ,bar,13.8131581,100.5602179,,,OSM,"https://www.google.com/maps/search/?api=1&query=13.8131581,100.5602179"
มหานิยมค็อกเทลบาร์,catering,13.7289739,100.5183215,"Mahaniyom Cocktail Bar, Maha Set Road, Bang Rak District, 10500, Thailand",,Geoapify+OSM,"https://www.google.com/maps/search/?api=1&query=13.7289739,100.5183215"
มีสุขคาราโอเกะ,catering,13.6618033,100.4026718,"มีสุขคาราโอเกะ, Soi Ekkachai 94, Bang Bon District, 10150, Thailand",,Geoapify+OSM,"https://www.google.com/maps/search/?api=1&query=13.6618033,100.4026718"
ร้าน มีไวน์ ช้อป,catering,13.7288451,100.5357267,"Me wine shop, 12, Sala Daeng Road, Bang Rak District, 10500, Thailand",0809894154,Geoapify+OSM,"https://www.google.com/maps/search/?api=1&query=13.7288451,100.5357267"
ร้านลับณ ศาลาหกเหลี่ยนม,catering,13.8418775,100.5759812,"ร้านลับณ ศาลาหกเหลี่ยนม, Phahon Yothin Road, Chatuchak District, 10900, Thailand",,Geoapify+OSM,"https://www.google.com/maps/search/?api=1&query=13.8418775,100.5759812"
ร้านเมามาย รัชดา,catering,13.7668947,100.5680453,"Maomai, ทางหลัก, Din Daeng District, 10400, Thailand",,Geoapify+OSM,"https://www.google.com/maps/search/?api=1&query=13.7668947,100.5680453"
ร้านโค้งสัตวแพทย์,catering,13.8461336,100.575738,"ร้านโค้งสัตวแพทย์, Soi Phahon Yothin 43, Chatuchak District, 10900, Thailand",,Geoapify+OSM,"https://www.google.com/maps/search/?api=1&query=13.8461336,100.575738"
ลงขัน,catering,13.8490412,100.4997224,"Longkan, Nonthaburi Bypass Road, Nonthaburi City Municipality, Talat Khwan Subdistrict, 11000, Thailand",0897707998,Geoapify,"https://www.google.com/maps/search/?api=1&query=13.8490412,100.4997224"
ลานเบียร์ช้าง,adult,13.7047784,100.5030733,"ลานเบียร์ช้าง, Charoen Krung Road, Bang Kho Laem District, 10120, Thailand",,Geoapify+OSM,"https://www.google.com/maps/search/?api=1&query=13.7047784,100.5030733"
หลักล้าน,catering,13.6485549,100.4808675,"Laklarn, Soi Phutthabucha 36, Bang Mot Subdistrict, 10140, Thailand",,Geoapify+OSM,"https://www.google.com/maps/search/?api=1&query=13.6485549,100.4808675"
อาฟเตอร์ซิกซ์ ลาดกระบัง After6,catering,13.7222196,100.7769423,"อาฟเตอร์ซิกซ์ ลาดกระบัง After6, ตลาดต้นไทร, Soi Lat Krabang 13/1, Lat Krabang District, 10520, Thailand",,Geoapify+OSM,"https://www.google.com/maps/search/?api=1&query=13.7222196,100.7769423"
เกษตรสโม,catering,13.8431897,100.5624002,"เกษตรสโม, Soi Vibhavadi Rangsit 46, Chatuchak District, 10900, Thailand",,Geoapify+OSM,"https://www.google.com/maps/search/?api=1&query=13.8431897,100.5624002"
เกษตรสโม,catering,13.844961,100.5616315,"เกษตรสโม, Soi Vibhavadi Rangsit 50, Chatuchak District, 10900, Thailand",,Geoapify+OSM,"https://www.google.com/maps/search/?api=1&query=13.844961,100.5616315"
เก้าอี้ไม้,catering,13.9055339,100.5202541,"เก้าอี้ไม้, Chaeng Watthana Road, Pak Kret Subdistrict, 11120, Thailand",,Geoapify,"https://www.google.com/maps/search/?api=1&query=13.9055339,100.5202541"
เจริญกรุง,bar,13.7394965,100.5126508,607;609 ถนนเจริญกรุง สัมพันธวงศ์,+66 99 448 5646,OSM,"https://www.google.com/maps/search/?api=1&query=13.7394965,100.5126508"
เฉิดฉาย,building,13.7893326,100.470153,"เฉิดฉาย, ถนนคู่ขนานทางพิเศษประจิมรัถยา, Bang Phlat District, 10700, Thailand",,Geoapify+OSM,"https://www.google.com/maps/search/?api=1&query=13.7893326,100.470153"
เดอะซัน ตะวันคลับ,adult,13.7290879,100.5300301,"The Sun Tawan Club, 7/4, Soi Than Tawan, Bang Rak District, 10500, Thailand",,Geoapify+OSM,"https://www.google.com/maps/search/?api=1&query=13.7290879,100.5300301"
เดอะวัน@ข้าวสาร,bar,13.7592926,100.4969746,,,OSM,"https://www.google.com/maps/search/?api=1&query=13.7592926,100.4969746"
เพชรเกษมพลาซ่า,adult,13.7099005,100.4005885,"เพชรเกษมพลาซ่า, Phet Kasem Road, Bang Khae District, 10160, Thailand",,Geoapify+OSM,"https://www.google.com/maps/search/?api=1&query=13.7099005,100.4005885"
เมา@ Food & Drink,catering,13.7166264,100.4495686,"เมา@ Food & Drink, Phet Kasem Road, Phasi Charoen District, 10160, Thailand",,Geoapify+OSM,"https://www.google.com/maps/search/?api=1&query=13.7166264,100.4495686"
เมามาย,catering,13.659363,100.384419,"เมามาย, Bang Bon 3 Road, Bang Bon District, 10150, Thailand",,Geoapify+OSM,"https://www.google.com/maps/search/?api=1&query=13.659363,100.384419"
เหล้า ยา ปา ปลิ้น,catering,13.717437,100.4506961,"เหล้า ยา ปา ปลิ้น, Phet Kasem Road, Phasi Charoen District, 10160, Thailand",,Geoapify+OSM,"https://www.google.com/maps/search/?api=1&query=13.717437,100.4506961"
เอเบียร์ โฮมบาร์ แอนด์ แกลเลอร์รี่,catering,13.892206,100.560555,"aBeer Home Bar & Gallery, Soi Chaeng Watthana 15/1, Lak Si District, 10210, Thailand",,Geoapify+OSM,"https://www.google.com/maps/search/?api=1&query=13.892206,100.560555"
เอเบียร์โฮมบาร์ รัชดา18,catering,13.7842021,100.5800219,"aBeer Home Bar Ratchada18, Soi Ratchadapisek 18, Huai Khwang District, 10310, Thailand",0830380634,Geoapify+OSM,"https://www.google.com/maps/search/?api=1&query=13.7842021,100.5800219"
เอเบียร์โฮมบาร์แอนด์แกลเลอรี่,catering,13.8922149,100.5605209,"aBeer Home Bar & Gallery, 307, Soi Chaeng Watthana 15/1, Lak Si District, 10210, Thailand",0830380634,Geoapify+OSM,"https://www.google.com/maps/search/?api=1&query=13.8922149,100.5605209"
แจ้งวัฒนะ,catering,13.904883,100.5202595,"แจ้งวัฒนะ, ซอยสีไชยทอง 2-3, Pak Kret Subdistrict, 11120, Thailand",,Geoapify,"https://www.google.com/maps/search/?api=1&query=13.904883,100.5202595"
แชมป์บาร์,building,13.7390145,100.5531842,"Champs Bar, Soi Sukhumvit 6, Khlong Toei District, 10110, Thailand",,Geoapify+OSM,"https://www.google.com/maps/search/?api=1&query=13.7390145,100.5531842"
โต๋เต๋,building,13.7971859,100.6500178,"โต๋เต๋, Soi Nawamin 87, Bueng Kum District, 10240, Thailand",,Geoapify+OSM,"https://www.google.com/maps/search/?api=1&query=13.7971859,100.6500178"
โรงเหล้าแสงจันทร์ พระราม 2,catering,13.6572511,100.4292148,"โรงเหล้าแสงจันทร์ พระราม 2, Rama II Road, Bang Khun Thian District, 10150, Thailand",,Geoapify+OSM,"https://www.google.com/maps/search/?api=1&query=13.6572511,100.4292148"
โสดSING,building,13.7210147,100.771344,"โสดSING, ซอยลาดกระบัง 42/4, Lat Krabang District, 10520, Thailand",,Geoapify+OSM,"https://www.google.com/maps/search/?api=1&query=13.7210147,100.771344"
ใต้มุ้ง,building,13.7892633,100.4698685,"ใต้มุ้ง, ถนนคู่ขนานทางพิเศษประจิมรัถยา, Bang Phlat District, 10700, Thailand",,Geoapify+OSM,"https://www.google.com/maps/search/?api=1&query=13.7892633,100.4698685"
ไฉไล,building,13.7779368,100.558351,"ไฉไล, Soi Vibhavadi Rangsit 2, Din Daeng District, 10400, Thailand",,Geoapify+OSM,"https://www.google.com/maps/search/?api=1&query=13.7779368,100.558351"
ไว้ลาย,catering,13.7569197,100.5095809,"White Line, Chakkraphatdiphong Road, Pom Prap Sattru Phai District, 10100, Thailand",,Geoapify+OSM,"https://www.google.com/maps/search/?api=1&query=13.7569197,100.5095809"
八號,catering,13.7402486,100.5140595,"Ba Hao, 8, Soi Nana, Pom Prap Sattru Phai District, 10100, Thailand",081 454 4959,Geoapify+OSM,"https://www.google.com/maps/search/?api=1&query=13.7402486,100.5140595"
酒吧街RCA,catering,13.7518024,100.5751773,"酒吧街RCA, Royal City Avenue, Huai Khwang District, 10310, Thailand",,Geoapify,"https://www.google.com/maps/search/?api=1&query=13.7518024,100.5751773"
